9.089000000000000412e-01,3.022303000000000073e-01,3.404419000000000195e-01,8.861452999999999876e-05,8.647343999999999517e-03,-5.392801999999999492e-03,-1.809360000000000135e-02,-2.470568999999999890e-02,2.536826999999999832e-02
9.052059999999999551e-01,3.036867999999999790e-01,3.415854999999999864e-01,-3.648565999999999789e-03,1.009613999999999998e-02,-4.292057999999999637e-03,-1.682296999999999959e-02,-2.354836000000000082e-02,2.833520999999999956e-02
9.035617000000000232e-01,2.997308000000000194e-01,3.426057000000000130e-01,-5.335094999999999768e-03,6.130725000000000063e-03,-3.311092999999999762e-03,-1.163575000000000026e-02,-2.339126999999999873e-02,2.921856999999999926e-02
9.076404999999999612e-01,2.930251999999999857e-01,3.439778000000000002e-01,-1.297364999999999977e-03,-5.862493999999999778e-04,-1.974747999999999695e-03,-6.841749000000000268e-03,-2.141037999999999969e-02,3.094389000000000167e-02
9.120591000000000115e-01,2.969389000000000056e-01,3.418414000000000175e-01,3.081659000000000048e-03,3.314094000000000068e-03,-4.143184000000000276e-03,-1.066719999999999995e-02,-2.609006999999999993e-02,2.995161000000000004e-02
9.133843000000000378e-01,2.981750000000000234e-01,3.417473999999999790e-01,4.368674000000000342e-03,4.534932000000000199e-03,-4.265714000000000311e-03,-1.328419999999999948e-02,-3.203734999999999916e-02,3.326388000000000261e-02
9.113985999999999477e-01,2.930792999999999870e-01,3.406648999999999927e-01,2.345959999999999799e-03,-5.778997000000000127e-04,-5.373130999999999741e-03,-1.066717000000000012e-02,-2.486609999999999862e-02,3.952775000000000039e-02
9.075775999999999843e-01,2.906190000000000162e-01,3.449388999999999927e-01,-1.510942999999999835e-03,-3.057166999999999957e-03,-1.120288000000000100e-03,-9.080835000000000642e-03,-1.980347999999999831e-02,4.065897000000000261e-02
9.036575000000000024e-01,2.887106999999999868e-01,3.541466999999999810e-01,-5.465813000000000789e-03,-4.985829000000000649e-03,8.069769000000000941e-03,-2.626232999999999953e-03,-2.727057999999999913e-02,3.514860999999999680e-02
9.045912000000000397e-01,2.893671999999999911e-01,3.552872000000000252e-01,-4.565666999999999816e-03,-4.350995999999999336e-03,9.195774000000000309e-03,6.517966000000000037e-03,-3.099147999999999833e-02,2.918634999999999979e-02
9.122344000000000008e-01,2.927595000000000058e-01,3.531160999999999883e-01,3.045505000000000000e-03,-9.809992999999998624e-04,7.012673000000000517e-03,7.192604000000000011e-03,-2.605752999999999889e-02,3.144829999999999848e-02
9.165847999999999773e-01,2.952923000000000076e-01,3.504236000000000018e-01,7.365281999999999905e-03,1.528832999999999841e-03,4.310384000000000437e-03,4.278111999999999714e-03,-1.835565000000000113e-02,3.391141000000000294e-02
9.117302999999999935e-01,2.946563999999999850e-01,3.470989999999999909e-01,2.481431999999999995e-03,8.695145000000000044e-04,9.775035999999999968e-04,2.483710999999999992e-03,-9.398028000000000978e-03,3.202914999999999929e-02
9.058241000000000209e-01,2.917974999999999874e-01,3.456779999999999853e-01,-3.453050000000000043e-03,-2.013237000000000186e-03,-4.502457999999999981e-04,-1.159672000000000047e-03,-4.866175000000000361e-03,3.091266000000000153e-02
9.063801999999999692e-01,2.916457000000000077e-01,3.446312999999999738e-01,-2.924195000000000093e-03,-2.189110000000000188e-03,-1.502478999999999924e-03,-2.083450000000000146e-03,-8.854953999999999950e-03,2.928549999999999903e-02
9.077311000000000130e-01,2.929792999999999981e-01,3.467108999999999885e-01,-1.599382000000000104e-03,-8.795830000000000792e-04,5.728387000000000149e-04,2.175122000000000253e-03,-1.432102000000000028e-02,2.703819000000000014e-02
9.054284999999999695e-01,2.949575999999999865e-01,3.497948000000000168e-01,-3.926813999999999825e-03,1.074583000000000049e-03,3.653680999999999769e-03,5.738413000000000368e-03,-2.183190999999999951e-02,2.489376999999999909e-02
9.053179000000000087e-01,2.967574000000000045e-01,3.489254999999999995e-01,-4.060857999999999655e-03,2.850342000000000067e-03,2.782278000000000008e-03,6.818096999999999526e-03,-3.335566999999999699e-02,2.494943000000000161e-02
9.056923000000000057e-01,2.956064999999999943e-01,3.477785999999999933e-01,-3.708340000000000074e-03,1.675582999999999803e-03,1.634059999999999896e-03,6.468638999999999986e-03,-3.391382999999999898e-02,2.446734000000000062e-02
9.043025999999999565e-01,2.955698999999999965e-01,3.490775999999999879e-01,-5.118095999999999930e-03,1.614999999999999899e-03,2.932322999999999701e-03,5.088810000000000035e-03,-2.883573999999999860e-02,2.379260999999999876e-02
9.042054999999999954e-01,2.965929999999999955e-01,3.498399999999999843e-01,-5.233539000000000593e-03,2.614201999999999932e-03,3.694464000000000168e-03,4.478725999999999714e-03,-3.190898000000000345e-02,3.046433000000000127e-02
9.042757999999999630e-01,2.973150999999999988e-01,3.534252999999999978e-01,-5.179409999999999743e-03,3.312387999999999878e-03,7.279683999999999808e-03,4.146930999999999534e-03,-3.172483999999999721e-02,3.434298000000000212e-02
9.064297999999999522e-01,2.992724999999999969e-01,3.587536000000000058e-01,-3.039482999999999942e-03,5.245653000000000295e-03,1.260781000000000054e-02,4.292724000000000366e-03,-2.959134000000000070e-02,2.849333999999999895e-02
9.096218000000000359e-01,2.983481000000000050e-01,3.552266000000000035e-01,1.407814000000000071e-04,4.296839999999999687e-03,9.080091999999999677e-03,4.357025999999999955e-03,-3.045468999999999954e-02,2.310819000000000067e-02
9.110103999999999980e-01,2.953527000000000236e-01,3.497055000000000025e-01,1.519855999999999985e-03,1.276713999999999974e-03,3.557315999999999603e-03,3.936961000000000106e-03,-2.834396000000000138e-02,2.376454000000000066e-02
9.118927000000000005e-01,2.936571000000000042e-01,3.480873999999999913e-01,2.394569000000000038e-03,-4.441158999999999537e-04,1.936241000000000004e-03,5.539411000000000161e-03,-2.668380000000000057e-02,2.658753999999999978e-02
9.126265000000000072e-01,2.922835999999999768e-01,3.447527000000000230e-01,3.122730999999999684e-03,-1.843218999999999890e-03,-1.402798999999999930e-03,5.344704999999999942e-03,-2.325889999999999902e-02,2.496924000000000018e-02
9.138983999999999996e-01,2.915668000000000148e-01,3.453632999999999842e-01,4.390522999999999475e-03,-2.585872999999999818e-03,-7.978499000000000875e-04,2.649597000000000063e-03,-2.173630000000000007e-02,2.386548999999999962e-02
9.116398000000000001e-01,2.915570000000000106e-01,3.482388000000000150e-01,2.129124000000000034e-03,-2.621492999999999914e-03,2.070967999999999854e-03,9.202742999999998907e-04,-2.662892999999999857e-02,2.384315000000000045e-02
9.081865999999999550e-01,2.928765999999999869e-01,3.496599000000000235e-01,-1.325832999999999786e-03,-1.327651000000000005e-03,3.484284000000000252e-03,-9.837788999999999128e-04,-2.473066000000000153e-02,1.957276000000000155e-02
9.098538999999999932e-01,2.943942999999999977e-01,3.559876000000000151e-01,3.406036000000000198e-04,1.646593999999999976e-04,9.803128000000001230e-03,-2.415135000000000112e-03,-1.940814000000000081e-02,1.745818000000000023e-02
9.099703000000000097e-01,2.945040999999999909e-01,3.601050000000000084e-01,4.571483999999999682e-04,2.495268000000000247e-04,1.391017999999999942e-02,-2.934238000000000037e-03,-2.002330999999999903e-02,1.820652999999999855e-02
9.073322000000000331e-01,2.951091000000000131e-01,3.563344999999999985e-01,-2.180085999999999916e-03,8.299486999999999707e-04,1.012756000000000073e-02,7.930374000000000451e-04,-1.906303000000000164e-02,2.078284000000000034e-02
9.066610999999999976e-01,2.970080999999999971e-01,3.543052999999999897e-01,-2.849539000000000325e-03,2.704765999999999941e-03,8.084094999999999476e-03,5.478306999999999101e-03,-1.721166000000000015e-02,2.224668000000000131e-02
9.069734000000000407e-01,2.986719999999999930e-01,3.550603999999999982e-01,-2.534646000000000208e-03,4.344932999999999608e-03,8.822348000000000690e-03,3.423419000000000028e-03,-1.851217999999999961e-02,1.868177999999999853e-02
9.082179000000000224e-01,2.955474000000000157e-01,3.511827000000000143e-01,-1.286631000000000103e-03,1.196843999999999859e-03,4.925081999999999897e-03,2.959207000000000157e-03,-1.930457000000000006e-02,1.733308999999999891e-02
9.094860000000000166e-01,2.911231000000000235e-01,3.459390999999999994e-01,-1.419210000000000088e-05,-3.250799000000000397e-03,-3.408269999999999811e-04,5.850691999999999351e-03,-2.132076000000000110e-02,1.338576000000000002e-02
9.099393999999999538e-01,2.928820999999999786e-01,3.471562000000000259e-01,4.445926999999999692e-04,-1.514847000000000155e-03,8.512936000000000244e-04,7.110990999999999666e-03,-2.276836999999999958e-02,6.654881999999999118e-03
9.098230999999999957e-01,2.931405999999999734e-01,3.509083000000000063e-01,3.343655000000000498e-04,-1.279027000000000072e-03,4.575932999999999910e-03,9.172945999999999531e-03,-2.029277000000000164e-02,9.099262000000000322e-03
9.096769000000000105e-01,2.913825999999999916e-01,3.513158000000000114e-01,1.950366000000000090e-04,-3.059124000000000305e-03,4.953604999999999814e-03,7.483884000000000543e-03,-1.892784000000000133e-02,1.115720000000000080e-02
9.107492000000000365e-01,2.963567999999999758e-01,3.498312000000000088e-01,1.274753999999999905e-03,1.893539999999999980e-03,3.436844000000000097e-03,2.232000999999999950e-03,-1.377571999999999998e-02,8.251618000000000494e-03
9.108794999999999531e-01,3.005751999999999868e-01,3.487848000000000059e-01,1.413052000000000145e-03,6.091149000000000563e-03,2.356109999999999802e-03,-2.750719000000000428e-03,-6.954445000000000071e-03,8.256500999999999424e-03
9.082145999999999830e-01,2.991140999999999939e-01,3.530723000000000056e-01,-1.243476000000000086e-03,4.609690999999999962e-03,6.606965000000000234e-03,-7.407155999999999810e-03,-1.265264999999999966e-02,6.363245999999999486e-03
9.051833999999999714e-01,2.978156000000000136e-01,3.596497000000000166e-01,-4.265942999999999471e-03,3.291050999999999699e-03,1.314560000000000034e-02,-4.261402000000000072e-03,-2.217291999999999874e-02,5.191247000000000396e-03
9.051527999999999796e-01,2.972326000000000135e-01,3.596316999999999986e-01,-4.287337000000000439e-03,2.688092999999999906e-03,1.308632000000000024e-02,1.185793000000000090e-03,-2.497082999999999942e-02,1.000225000000000072e-02
9.070000000000000284e-01,2.968346000000000040e-01,3.568252000000000090e-01,-2.430246999999999963e-03,2.270091000000000123e-03,1.023580999999999970e-02,-1.681537999999999783e-03,-2.223396999999999873e-02,1.274256000000000000e-02
9.067281000000000368e-01,2.974185999999999774e-01,3.513506000000000129e-01,-2.691724000000000373e-03,2.833929000000000222e-03,4.714237000000000462e-03,-1.133891000000000152e-03,-1.448405000000000005e-02,1.649996000000000101e-02
9.050316999999999945e-01,2.971822000000000075e-01,3.439203000000000121e-01,-4.376819000000000542e-03,2.577185999999999973e-03,-2.766142000000000080e-03,3.762585000000000148e-03,-1.076597999999999965e-02,2.359191999999999886e-02
9.043046000000000140e-01,2.956847000000000225e-01,3.462694000000000050e-01,-5.091769000000000329e-03,1.059204999999999912e-03,-4.698448000000000251e-04,2.783185999999999560e-03,-1.210839000000000013e-02,1.879464000000000135e-02
9.064811000000000396e-01,2.943262999999999852e-01,3.519233999999999973e-01,-2.902244000000000438e-03,-3.199729999999999805e-04,5.129052000000000264e-03,2.010679000000000025e-03,-1.052271999999999930e-02,1.061269999999999922e-02
9.096549000000000440e-01,2.940261000000000124e-01,3.513475999999999821e-01,2.857945000000000299e-04,-6.411400000000000042e-04,4.495849000000000546e-03,2.178138000000000036e-03,-7.247611999999999631e-03,1.455911000000000011e-02
9.079390000000000516e-01,2.952908000000000199e-01,3.511974999999999958e-01,-1.414948999999999981e-03,6.024506000000000219e-04,4.286304999999999803e-03,2.659047000000000320e-03,-7.560958999999999909e-03,1.480034000000000037e-02
9.048207999999999807e-01,2.949360999999999788e-01,3.509159000000000028e-01,-4.516917000000000501e-03,2.267218000000000152e-04,3.943252000000000389e-03,4.837613000000000156e-03,-1.382021999999999938e-02,1.118906000000000067e-02
9.040529000000000481e-01,2.936965000000000270e-01,3.501947999999999728e-01,-5.267594999999999916e-03,-1.034051999999999931e-03,3.158783000000000077e-03,2.176701000000000070e-03,-1.674499999999999947e-02,1.289539999999999957e-02
9.036370999999999709e-01,2.957955999999999919e-01,3.519326999999999872e-01,-5.665051999999999414e-03,1.043969999999999967e-03,4.831529999999999679e-03,-1.840022999999999984e-04,-1.357842000000000077e-02,1.132655999999999941e-02
9.045524999999999816e-01,2.965164000000000133e-01,3.517522000000000149e-01,-4.730009000000000297e-03,1.743873999999999858e-03,4.584257000000000436e-03,1.217406000000000087e-03,-1.465275000000000084e-02,1.232922000000000011e-02
9.044699999999999962e-01,2.958505000000000162e-01,3.518142000000000214e-01,-4.791519000000000160e-03,1.057176000000000166e-03,4.577783000000000199e-03,1.891464000000000036e-03,-1.529462000000000009e-02,1.516915999999999924e-02
9.047469000000000205e-01,2.962613000000000052e-01,3.534420999999999813e-01,-4.492143999999999998e-03,1.447200999999999956e-03,6.135739999999999771e-03,3.256304000000000230e-03,-1.341457000000000066e-02,1.349446999999999973e-02
9.072244999999999893e-01,2.947609999999999952e-01,3.525409999999999933e-01,-1.990408999999999842e-03,-7.372552999999999951e-05,5.163125000000000180e-03,3.192910000000000192e-03,-1.616336000000000162e-02,1.410084999999999984e-02
9.069127000000000161e-01,2.959257000000000137e-01,3.512700999999999740e-01,-2.276629000000000066e-03,1.070357000000000079e-03,3.819309000000000332e-03,2.290234999999999840e-03,-1.716403999999999846e-02,1.155752999999999989e-02
9.058367999999999975e-01,2.985385999999999873e-01,3.496058000000000221e-01,-3.325497000000000175e-03,3.662772999999999810e-03,2.080598999999999817e-03,2.993486999999999971e-03,-1.487524999999999958e-02,7.648138999999999979e-03
9.053470999999999602e-01,2.980952000000000046e-01,3.481614000000000098e-01,-3.786690999999999582e-03,3.198912999999999843e-03,5.605782000000000126e-04,3.111697999999999981e-03,-1.501505000000000027e-02,8.425395000000000453e-03
9.043134999999999923e-01,2.969982999999999929e-01,3.504162000000000110e-01,-4.790352999999999799e-03,2.081425999999999936e-03,2.738695999999999665e-03,3.579837000000000210e-03,-1.351547999999999985e-02,9.127929999999999378e-03
9.046313000000000271e-01,2.942982000000000098e-01,3.522998999999999992e-01,-4.441100999999999382e-03,-6.394139000000000073e-04,4.544836000000000015e-03,4.667169999999999999e-03,-1.062194999999999979e-02,1.076386000000000009e-02
9.057028999999999774e-01,2.936867000000000227e-01,3.512871000000000188e-01,-3.336589999999999955e-03,-1.271704000000000020e-03,3.453775000000000074e-03,5.183211000000000068e-03,-1.130280000000000000e-02,1.014300999999999918e-02
9.075554999999999595e-01,2.950200000000000045e-01,3.512364000000000042e-01,-1.449524999999999902e-03,4.081214999999999854e-05,3.324062999999999931e-03,5.648386000000000032e-03,-1.124553000000000011e-02,8.734646999999999897e-03
9.071882000000000001e-01,2.932031999999999972e-01,3.525931999999999955e-01,-1.780939000000000046e-03,-1.796705000000000003e-03,4.601280999999999601e-03,5.050774000000000062e-03,-9.137560999999998906e-03,9.948009000000000712e-03
9.052873999999999644e-01,2.926929999999999810e-01,3.526106999999999991e-01,-3.644564000000000310e-03,-2.327445000000000035e-03,4.538640000000000035e-03,1.438278999999999990e-03,-7.849993000000001289e-03,8.758033000000000137e-03
9.057724999999999804e-01,2.933009999999999784e-01,3.509755999999999987e-01,-3.120982000000000010e-03,-1.739783999999999862e-03,2.822972999999999889e-03,-1.767492000000000065e-03,-5.592243000000000214e-03,7.737029000000000302e-03
9.054446000000000438e-01,2.926988999999999841e-01,3.503346999999999989e-01,-3.409190999999999784e-03,-2.361588999999999876e-03,2.100932999999999707e-03,-4.742664999999999967e-04,-5.678919000000000154e-03,6.381755999999999714e-03
9.054048999999999570e-01,2.923067999999999778e-01,3.543910000000000116e-01,-3.407959000000000335e-03,-2.772881999999999951e-03,6.075831999999999761e-03,9.584943999999999756e-04,-9.633159999999999987e-03,4.905734000000000136e-03
9.059106000000000103e-01,2.922047999999999868e-01,3.596855999999999942e-01,-2.860174999999999957e-03,-2.893379000000000176e-03,1.128867000000000065e-02,1.218978000000000037e-04,-1.295372000000000016e-02,7.201550000000000139e-03
9.053698000000000023e-01,2.960077999999999876e-01,3.590779000000000054e-01,-3.357699999999999921e-03,8.919549000000000141e-04,1.059864999999999939e-02,9.852459000000000802e-05,-1.516632000000000050e-02,8.159717999999999832e-03
9.066421999999999537e-01,3.002973999999999921e-01,3.583605999999999736e-01,-2.041003000000000001e-03,5.164799999999999773e-03,9.798315999999999623e-03,4.824916000000000274e-04,-1.477961000000000032e-02,7.188506999999999363e-03
9.072626999999999775e-01,2.985265999999999753e-01,3.615053999999999768e-01,-1.375122999999999797e-03,3.377957999999999916e-03,1.285905000000000034e-02,1.303146999999999943e-03,-1.137776000000000065e-02,6.180255999999999424e-03
9.068218000000000112e-01,2.955221000000000098e-01,3.615063000000000026e-01,-1.769734999999999928e-03,3.579872000000000002e-04,1.277445999999999963e-02,1.681734999999999957e-03,-7.103019000000000346e-03,4.879823000000000147e-03
9.068450999999999596e-01,2.935354000000000019e-01,3.597014000000000045e-01,-1.699293999999999848e-03,-1.643802000000000197e-03,1.088253999999999957e-02,-2.093985000000000030e-03,-2.645374000000000250e-03,4.238472999999999546e-03
9.055807000000000162e-01,2.896873999999999838e-01,3.570076999999999834e-01,-2.915829999999999898e-03,-5.506333000000000408e-03,8.099871999999999281e-03,-5.076130999999999352e-03,-2.903447999999999880e-03,9.922095999999999607e-04
9.037842999999999849e-01,2.888975999999999766e-01,3.532118000000000202e-01,-4.663702999999999946e-03,-6.310070999999999562e-03,4.213086999999999908e-03,-1.977520999999999880e-03,-1.348746999999999967e-02,-4.601569000000000666e-03
9.029852999999999907e-01,2.945659999999999945e-01,3.562320999999999960e-01,-5.413486999999999813e-03,-6.545999999999999736e-04,7.140586999999999455e-03,1.695612999999999895e-03,-2.338695000000000010e-02,-5.727336999999999879e-03
9.043577000000000421e-01,2.988608999999999849e-01,3.598517999999999994e-01,-3.991200000000000303e-03,3.628282000000000035e-03,1.066552999999999946e-02,1.998718999999999930e-03,-1.184247000000000077e-02,3.619573000000000386e-04
9.047433000000000280e-01,2.966704000000000008e-01,3.552580000000000182e-01,-3.554822999999999924e-03,1.426774000000000011e-03,5.975193000000000171e-03,1.393987000000000177e-03,6.259040999999999910e-03,5.614476000000000189e-03
9.031898999999999900e-01,2.945222000000000118e-01,3.526484999999999759e-01,-5.056724000000000288e-03,-7.315946000000001122e-04,3.267252000000000003e-03,1.759417000000000099e-03,4.532994000000000259e-03,4.152270999999999913e-03
9.026201000000000363e-01,2.962694000000000161e-01,3.547109999999999985e-01,-5.574144999999999968e-03,1.006231000000000009e-03,5.229570000000000225e-03,-1.231288000000000087e-03,-1.718284000000000044e-03,4.348946999999999709e-03
9.013676999999999939e-01,2.962565999999999811e-01,3.541565999999999881e-01,-6.773253000000000780e-03,9.846544999999999083e-04,4.573396999999999879e-03,-4.860762999999999716e-03,-3.942255999999999885e-03,9.441565000000000721e-03
9.025878999999999985e-01,2.951167000000000096e-01,3.529050000000000242e-01,-5.498823000000000773e-03,-1.633621999999999993e-04,3.218597000000000125e-03,-1.770660000000000072e-03,-7.858973000000000000e-03,1.202313999999999987e-02
9.054708000000000201e-01,2.963144999999999807e-01,3.527616000000000085e-01,-2.560563000000000075e-03,1.026948999999999874e-03,2.970679000000000375e-03,-2.407043999999999785e-04,-6.837036999999999802e-03,1.202805000000000020e-02
9.041936999999999891e-01,2.961699999999999888e-01,3.526035000000000141e-01,-3.781282999999999866e-03,8.755158999999999771e-04,2.707097999999999796e-03,1.291718000000000076e-03,-7.560154000000000353e-03,1.182971000000000023e-02
9.045119000000000353e-01,2.969049999999999745e-01,3.529217000000000048e-01,-3.405670999999999872e-03,1.604017000000000116e-03,2.919020000000000035e-03,6.004008000000000782e-03,-8.836366000000000012e-03,9.260051000000000046e-03
9.062765999999999877e-01,2.978546000000000249e-01,3.527796999999999739e-01,-1.582677000000000216e-03,2.547561000000000270e-03,2.670120999999999693e-03,5.003245999999999388e-03,-7.828426999999998914e-03,6.253284000000000446e-03
9.044284999999999686e-01,2.951458000000000137e-01,3.526583999999999830e-01,-3.371630999999999934e-03,-1.671135999999999986e-04,2.441557000000000015e-03,7.669455999999999843e-03,-1.299172999999999994e-02,5.209299000000000568e-03
9.040319999999999467e-01,2.954660000000000064e-01,3.529212999999999933e-01,-3.708154000000000398e-03,1.475755999999999834e-04,2.596924999999999928e-03,1.088558000000000060e-02,-1.527015999999999964e-02,6.081588000000000618e-03
9.061867999999999590e-01,2.975298000000000109e-01,3.525124000000000035e-01,-1.492620000000000058e-03,2.205939999999999984e-03,2.080432000000000115e-03,7.327628000000000093e-03,-1.263771999999999986e-02,1.030736999999999973e-02
9.070972999999999953e-01,2.968643999999999727e-01,3.524191999999999880e-01,-5.208031999999999809e-04,1.535324999999999928e-03,1.879803999999999893e-03,8.345799000000000967e-03,-1.156914000000000033e-02,1.379027000000000031e-02
9.053463999999999956e-01,2.964395000000000224e-01,3.547571999999999948e-01,-2.209954000000000085e-03,1.105162000000000028e-03,4.110581999999999778e-03,7.978649000000000852e-03,-1.295371000000000022e-02,1.141022000000000043e-02
9.032208000000000458e-01,2.956080999999999848e-01,3.613546000000000258e-01,-4.273370999999999767e-03,2.686522999999999689e-04,1.060122999999999968e-02,6.797449000000000546e-03,-1.623944000000000082e-02,6.456685999999999676e-03
9.041563000000000239e-01,2.959054999999999880e-01,3.675029000000000212e-01,-3.275372999999999826e-03,5.608588999999999979e-04,1.664306000000000119e-02,8.246820000000000192e-03,-1.532401000000000076e-02,4.749729999999999751e-03
9.046729999999999494e-01,2.983858999999999817e-01,3.662480000000000180e-01,-2.695937000000000246e-03,3.035982999999999911e-03,1.528140000000000054e-02,4.459344000000000502e-03,-1.396630999999999914e-02,7.073653000000000059e-03
9.037024999999999642e-01,3.008913999999999755e-01,3.616340000000000110e-01,-3.603294000000000375e-03,5.536043000000000040e-03,1.056022000000000037e-02,2.489031999999999963e-03,-1.346988999999999999e-02,7.257730000000000431e-03
9.043290000000000495e-01,3.030181000000000124e-01,3.581745000000000068e-01,-2.913560999999999842e-03,7.657120999999999372e-03,6.992469999999999762e-03,3.319640999999999911e-03,-1.195784000000000083e-02,5.705821999999999283e-03
9.042930999999999608e-01,3.026774999999999882e-01,3.546624999999999917e-01,-2.885872000000000263e-03,7.310165000000000413e-03,3.371350999999999862e-03,4.004007999999999873e-03,-1.367363000000000085e-02,9.247045000000000611e-03
9.040844000000000102e-01,3.003238999999999770e-01,3.543783999999999823e-01,-3.030815000000000072e-03,4.949265999999999908e-03,2.977145999999999959e-03,6.408274999999999735e-03,-1.477464000000000034e-02,1.223343000000000000e-02
9.056461000000000094e-01,2.978673000000000015e-01,3.557686999999999933e-01,-1.405285000000000041e-03,2.484380000000000008e-03,4.256490999999999400e-03,7.648310000000000178e-03,-1.496506000000000051e-02,9.948593000000000366e-03
9.075153999999999721e-01,2.964150999999999869e-01,3.536544999999999828e-01,5.278897000000000493e-04,1.022558999999999925e-03,2.030890999999999946e-03,7.011840000000000087e-03,-1.231441999999999953e-02,7.860950000000000229e-03
9.089437000000000211e-01,2.973485000000000156e-01,3.531565999999999872e-01,2.020047999999999983e-03,1.945169999999999972e-03,1.421167000000000090e-03,5.449533000000000328e-03,-7.957762999999999642e-03,7.292076999999999240e-03
9.082926000000000055e-01,2.973914999999999753e-01,3.529883999999999800e-01,1.432377000000000086e-03,1.976231000000000168e-03,1.141012999999999966e-03,6.043849999999999917e-03,-1.120072000000000081e-02,7.507011000000000066e-03
9.069802000000000142e-01,2.959137000000000017e-01,3.485037999999999747e-01,1.829486999999999921e-04,4.852564000000000183e-04,-3.455329999999999947e-03,5.501643999999999979e-03,-1.502426999999999929e-02,5.200175999999999930e-03
9.070154000000000272e-01,2.957796999999999787e-01,3.477617000000000069e-01,2.803851000000000000e-04,3.370330999999999631e-04,-4.308775999999999405e-03,4.482730999999999348e-03,-1.502167000000000086e-02,1.057849999999999936e-03
9.067840999999999818e-01,2.959385999999999961e-01,3.504225999999999730e-01,1.104907999999999959e-04,4.807241999999999874e-04,-1.758223999999999855e-03,7.265913000000000579e-03,-1.490499999999999985e-02,9.985941000000000348e-04
9.067937000000000358e-01,2.969137000000000026e-01,3.535694999999999810e-01,1.805063999999999833e-04,1.439617000000000023e-03,1.279542000000000049e-03,7.085606999999999843e-03,-1.260023000000000046e-02,-6.175920999999999581e-04
9.060266999999999626e-01,2.985148000000000246e-01,3.586620999999999837e-01,-5.271858000000000577e-04,3.023744999999999992e-03,6.264539000000000392e-03,6.243091000000000092e-03,-1.081066999999999965e-02,-3.385744999999999900e-03
9.041597999999999580e-01,2.984440999999999899e-01,3.579207999999999834e-01,-2.335854000000000055e-03,2.935199000000000315e-03,5.417156999999999702e-03,4.983302999999999691e-03,-1.052902999999999999e-02,-2.197754000000000114e-03
9.041316000000000352e-01,2.966831999999999803e-01,3.563023000000000162e-01,-2.307042999999999941e-03,1.155458999999999957e-03,3.693951999999999913e-03,1.322802999999999783e-03,-8.366519000000001080e-03,-2.963342000000000320e-03
9.051373999999999809e-01,2.944516999999999829e-01,3.588076000000000043e-01,-1.245308999999999999e-03,-1.095685000000000105e-03,6.095940000000000213e-03,1.424743999999999924e-03,-3.648175999999999936e-03,-3.908740999999999431e-03
9.051107999999999931e-01,2.950701000000000018e-01,3.549041000000000001e-01,-1.217072000000000032e-03,-4.977013999999999440e-04,2.090344000000000056e-03,1.525927999999999963e-03,-3.012000999999999828e-03,-3.769330999999999897e-03
9.021166999999999936e-01,2.973945000000000061e-01,3.508426000000000045e-01,-4.157367999999999827e-03,1.805677999999999797e-03,-2.071831000000000107e-03,3.788704999999999851e-03,-1.494265000000000003e-02,-3.019662999999999688e-03
8.993425000000000447e-01,2.976294999999999913e-01,3.524397000000000224e-01,-6.878823000000000056e-03,2.019094999999999831e-03,-5.740123999999999661e-04,8.647461999999999857e-03,-2.564394000000000048e-02,9.214714000000000151e-04
9.033252999999999977e-01,2.976025999999999949e-01,3.495087000000000055e-01,-2.844080000000000132e-03,1.969992000000000271e-03,-3.602547000000000214e-03,7.722951999999999942e-03,-1.670993000000000131e-02,2.639293000000000021e-03
9.071301000000000503e-01,2.969628000000000267e-01,3.448722000000000176e-01,1.012001999999999910e-03,1.307460000000000089e-03,-8.334656999999998789e-03,6.384506999999999335e-03,-4.023154999999999613e-03,3.812565999999999872e-03
9.036395000000000399e-01,2.941439000000000137e-01,3.468031999999999782e-01,-2.427967999999999966e-03,-1.534591000000000080e-03,-6.496778000000000795e-03,6.734483000000000309e-03,-3.907662000000000115e-03,6.605899000000000146e-03
9.021287999999999530e-01,2.919713999999999920e-01,3.509546000000000054e-01,-3.888787000000000320e-03,-3.730692000000000296e-03,-2.435834999999999910e-03,4.979771000000000024e-03,-3.637265000000000203e-03,7.485045000000000066e-03
9.068907000000000496e-01,2.918648999999999827e-01,3.519290999999999947e-01,9.222942000000000033e-04,-3.861054000000000049e-03,-1.548681000000000103e-03,3.845967999999999956e-03,-1.817232999999999913e-03,6.662035000000000179e-03
9.094396000000000146e-01,2.934872000000000036e-01,3.513867999999999991e-01,3.519625999999999658e-03,-2.262471000000000274e-03,-2.175122999999999727e-03,3.543765999999999843e-03,-4.440297000000000167e-03,2.192582999999999685e-03
9.074039000000000410e-01,2.959919999999999773e-01,3.514216000000000006e-01,1.531491000000000059e-03,2.188656000000000141e-04,-2.221163999999999864e-03,3.198954999999999854e-03,-6.423739999999999832e-03,-2.876837000000000144e-03
9.061991000000000351e-01,2.967458000000000040e-01,3.522903000000000007e-01,3.733094000000000278e-04,9.496171999999999990e-04,-1.429861000000000153e-03,4.020453000000000221e-03,-9.266620999999999192e-03,-3.769859000000000404e-03
9.071453999999999906e-01,2.971427999999999847e-01,3.533612999999999893e-01,1.365005000000000081e-03,1.323905000000000004e-03,-4.328026000000000225e-04,4.697302000000000421e-03,-6.422129999999999853e-03,-4.611033000000000276e-04
9.070158999999999860e-01,2.992768000000000095e-01,3.539969000000000032e-01,1.279612000000000067e-03,3.435554000000000385e-03,1.322693000000000111e-04,4.219645999999999640e-03,-1.255887999999999926e-03,2.765919000000000363e-03
9.057072000000000456e-01,2.990148000000000250e-01,3.564050000000000273e-01,1.372596999999999998e-05,3.151407000000000166e-03,2.473233999999999936e-03,4.266747999999999895e-03,-9.486034000000000826e-03,1.351001000000000112e-03
