<annotation>
	<folder>data</folder>
	<filename>a10.jpg</filename>
	<path>C:\Users\choowilson\Downloads\data\a10.jpg</path>
	<source>
		<database>Unknown</database>
	</source>
	<size>
		<width>300</width>
		<height>199</height>
		<depth>3</depth>
	</size>
	<segmented>0</segmented>
	<object>
		<name>avocado</name>
		<pose>Unspecified</pose>
		<truncated>0</truncated>
		<difficult>0</difficult>
		<bndbox>
			<xmin>142</xmin>
			<ymin>33</ymin>
			<xmax>243</xmax>
			<ymax>187</ymax>
		</bndbox>
	</object>
	<object>
		<name>avocado</name>
		<pose>Unspecified</pose>
		<truncated>0</truncated>
		<difficult>0</difficult>
		<bndbox>
			<xmin>7</xmin>
			<ymin>86</ymin>
			<xmax>138</xmax>
			<ymax>179</ymax>
		</bndbox>
	</object>
</annotation>
