<annotation>
	<folder>data</folder>
	<filename>a15.jpg</filename>
	<path>C:\Users\choowilson\Downloads\data\a15.jpg</path>
	<source>
		<database>Unknown</database>
	</source>
	<size>
		<width>294</width>
		<height>300</height>
		<depth>3</depth>
	</size>
	<segmented>0</segmented>
	<object>
		<name>avocado</name>
		<pose>Unspecified</pose>
		<truncated>0</truncated>
		<difficult>0</difficult>
		<bndbox>
			<xmin>93</xmin>
			<ymin>109</ymin>
			<xmax>276</xmax>
			<ymax>281</ymax>
		</bndbox>
	</object>
</annotation>
