<annotation>
	<folder>data</folder>
	<filename>a17.jpg</filename>
	<path>C:\Users\choowilson\Downloads\data\a17.jpg</path>
	<source>
		<database>Unknown</database>
	</source>
	<size>
		<width>200</width>
		<height>300</height>
		<depth>3</depth>
	</size>
	<segmented>0</segmented>
	<object>
		<name>avocado</name>
		<pose>Unspecified</pose>
		<truncated>0</truncated>
		<difficult>0</difficult>
		<bndbox>
			<xmin>39</xmin>
			<ymin>90</ymin>
			<xmax>134</xmax>
			<ymax>198</ymax>
		</bndbox>
	</object>
	<object>
		<name>avocado</name>
		<pose>Unspecified</pose>
		<truncated>0</truncated>
		<difficult>0</difficult>
		<bndbox>
			<xmin>26</xmin>
			<ymin>191</ymin>
			<xmax>142</xmax>
			<ymax>288</ymax>
		</bndbox>
	</object>
</annotation>
