<annotation>
	<folder>data</folder>
	<filename>a18.jpg</filename>
	<path>C:\Users\choowilson\Downloads\data\a18.jpg</path>
	<source>
		<database>Unknown</database>
	</source>
	<size>
		<width>300</width>
		<height>200</height>
		<depth>3</depth>
	</size>
	<segmented>0</segmented>
	<object>
		<name>avocado</name>
		<pose>Unspecified</pose>
		<truncated>0</truncated>
		<difficult>0</difficult>
		<bndbox>
			<xmin>120</xmin>
			<ymin>27</ymin>
			<xmax>271</xmax>
			<ymax>171</ymax>
		</bndbox>
	</object>
	<object>
		<name>avocado</name>
		<pose>Unspecified</pose>
		<truncated>0</truncated>
		<difficult>0</difficult>
		<bndbox>
			<xmin>18</xmin>
			<ymin>7</ymin>
			<xmax>144</xmax>
			<ymax>152</ymax>
		</bndbox>
	</object>
</annotation>
