<annotation>
	<folder>data</folder>
	<filename>a20.jpg</filename>
	<path>C:\Users\choowilson\Downloads\data\a20.jpg</path>
	<source>
		<database>Unknown</database>
	</source>
	<size>
		<width>225</width>
		<height>300</height>
		<depth>3</depth>
	</size>
	<segmented>0</segmented>
	<object>
		<name>avocado</name>
		<pose>Unspecified</pose>
		<truncated>0</truncated>
		<difficult>0</difficult>
		<bndbox>
			<xmin>15</xmin>
			<ymin>7</ymin>
			<xmax>209</xmax>
			<ymax>291</ymax>
		</bndbox>
	</object>
</annotation>
