<annotation>
	<folder>data</folder>
	<filename>a22.jpg</filename>
	<path>C:\Users\choowilson\Downloads\data\a22.jpg</path>
	<source>
		<database>Unknown</database>
	</source>
	<size>
		<width>300</width>
		<height>225</height>
		<depth>3</depth>
	</size>
	<segmented>0</segmented>
	<object>
		<name>avocado</name>
		<pose>Unspecified</pose>
		<truncated>0</truncated>
		<difficult>0</difficult>
		<bndbox>
			<xmin>115</xmin>
			<ymin>83</ymin>
			<xmax>262</xmax>
			<ymax>210</ymax>
		</bndbox>
	</object>
</annotation>
