<annotation>
	<folder>data</folder>
	<filename>a23.jpg</filename>
	<path>C:\Users\choowilson\Downloads\data\a23.jpg</path>
	<source>
		<database>Unknown</database>
	</source>
	<size>
		<width>300</width>
		<height>225</height>
		<depth>3</depth>
	</size>
	<segmented>0</segmented>
	<object>
		<name>avocado</name>
		<pose>Unspecified</pose>
		<truncated>0</truncated>
		<difficult>0</difficult>
		<bndbox>
			<xmin>70</xmin>
			<ymin>52</ymin>
			<xmax>238</xmax>
			<ymax>180</ymax>
		</bndbox>
	</object>
</annotation>
