<annotation>
	<folder>data</folder>
	<filename>a26.jpg</filename>
	<path>C:\Users\choowilson\Downloads\data\a26.jpg</path>
	<source>
		<database>Unknown</database>
	</source>
	<size>
		<width>300</width>
		<height>225</height>
		<depth>3</depth>
	</size>
	<segmented>0</segmented>
	<object>
		<name>avocado</name>
		<pose>Unspecified</pose>
		<truncated>0</truncated>
		<difficult>0</difficult>
		<bndbox>
			<xmin>76</xmin>
			<ymin>59</ymin>
			<xmax>257</xmax>
			<ymax>220</ymax>
		</bndbox>
	</object>
</annotation>
