<annotation>
	<folder>data</folder>
	<filename>a27.jpg</filename>
	<path>C:\Users\choowilson\Downloads\data\a27.jpg</path>
	<source>
		<database>Unknown</database>
	</source>
	<size>
		<width>300</width>
		<height>225</height>
		<depth>3</depth>
	</size>
	<segmented>0</segmented>
	<object>
		<name>avocado</name>
		<pose>Unspecified</pose>
		<truncated>1</truncated>
		<difficult>0</difficult>
		<bndbox>
			<xmin>11</xmin>
			<ymin>1</ymin>
			<xmax>124</xmax>
			<ymax>193</ymax>
		</bndbox>
	</object>
</annotation>
