<annotation>
	<folder>data</folder>
	<filename>a30.jpg</filename>
	<path>C:\Users\choowilson\Downloads\data\a30.jpg</path>
	<source>
		<database>Unknown</database>
	</source>
	<size>
		<width>300</width>
		<height>225</height>
		<depth>3</depth>
	</size>
	<segmented>0</segmented>
	<object>
		<name>avocado</name>
		<pose>Unspecified</pose>
		<truncated>0</truncated>
		<difficult>0</difficult>
		<bndbox>
			<xmin>193</xmin>
			<ymin>98</ymin>
			<xmax>298</xmax>
			<ymax>210</ymax>
		</bndbox>
	</object>
	<object>
		<name>avocado</name>
		<pose>Unspecified</pose>
		<truncated>0</truncated>
		<difficult>0</difficult>
		<bndbox>
			<xmin>67</xmin>
			<ymin>63</ymin>
			<xmax>197</xmax>
			<ymax>157</ymax>
		</bndbox>
	</object>
	<object>
		<name>avocado</name>
		<pose>Unspecified</pose>
		<truncated>0</truncated>
		<difficult>0</difficult>
		<bndbox>
			<xmin>20</xmin>
			<ymin>62</ymin>
			<xmax>115</xmax>
			<ymax>181</ymax>
		</bndbox>
	</object>
</annotation>
