<annotation>
	<folder>train</folder>
	<filename>1 (4).jpg</filename>
	<path>C:\Users\choowilson\Desktop\TinyYOLO\src\main\resources\data\train\1 (4).jpg</path>
	<source>
		<database>Unknown</database>
	</source>
	<size>
		<width>416</width>
		<height>259</height>
		<depth>3</depth>
	</size>
	<segmented>0</segmented>
	<object>
		<name>avocado</name>
		<pose>Unspecified</pose>
		<truncated>1</truncated>
		<difficult>0</difficult>
		<bndbox>
			<xmin>5</xmin>
			<ymin>1</ymin>
			<xmax>145</xmax>
			<ymax>59</ymax>
		</bndbox>
	</object>
	<object>
		<name>avocado</name>
		<pose>Unspecified</pose>
		<truncated>1</truncated>
		<difficult>0</difficult>
		<bndbox>
			<xmin>1</xmin>
			<ymin>57</ymin>
			<xmax>140</xmax>
			<ymax>169</ymax>
		</bndbox>
	</object>
	<object>
		<name>avocado</name>
		<pose>Unspecified</pose>
		<truncated>0</truncated>
		<difficult>0</difficult>
		<bndbox>
			<xmin>121</xmin>
			<ymin>89</ymin>
			<xmax>256</xmax>
			<ymax>211</ymax>
		</bndbox>
	</object>
	<object>
		<name>avocado</name>
		<pose>Unspecified</pose>
		<truncated>1</truncated>
		<difficult>0</difficult>
		<bndbox>
			<xmin>7</xmin>
			<ymin>170</ymin>
			<xmax>150</xmax>
			<ymax>259</ymax>
		</bndbox>
	</object>
	<object>
		<name>avocado</name>
		<pose>Unspecified</pose>
		<truncated>0</truncated>
		<difficult>0</difficult>
		<bndbox>
			<xmin>254</xmin>
			<ymin>121</ymin>
			<xmax>408</xmax>
			<ymax>257</ymax>
		</bndbox>
	</object>
	<object>
		<name>avocado</name>
		<pose>Unspecified</pose>
		<truncated>1</truncated>
		<difficult>0</difficult>
		<bndbox>
			<xmin>137</xmin>
			<ymin>202</ymin>
			<xmax>306</xmax>
			<ymax>259</ymax>
		</bndbox>
	</object>
</annotation>
