<annotation>
	<folder>avocado</folder>
	<filename>images (2).jpg</filename>
	<path>C:\Users\choowilson\Desktop\ObjectDetection\src\main\resources\data\train\avocado\images (2).jpg</path>
	<source>
		<database>Unknown</database>
	</source>
	<size>
		<width>416</width>
		<height>416</height>
		<depth>3</depth>
	</size>
	<segmented>0</segmented>
	<object>
		<name>avocado</name>
		<pose>Unspecified</pose>
		<truncated>1</truncated>
		<difficult>0</difficult>
		<bndbox>
			<xmin>1</xmin>
			<ymin>196</ymin>
			<xmax>119</xmax>
			<ymax>351</ymax>
		</bndbox>
	</object>
</annotation>
