<annotation>
	<folder>data</folder>
	<filename>a31.jpg</filename>
	<path>C:\Users\choowilson\Downloads\data\a31.jpg</path>
	<source>
		<database>Unknown</database>
	</source>
	<size>
		<width>300</width>
		<height>225</height>
		<depth>3</depth>
	</size>
	<segmented>0</segmented>
	<object>
		<name>avocado</name>
		<pose>Unspecified</pose>
		<truncated>0</truncated>
		<difficult>0</difficult>
		<bndbox>
			<xmin>125</xmin>
			<ymin>97</ymin>
			<xmax>242</xmax>
			<ymax>176</ymax>
		</bndbox>
	</object>
</annotation>
