<annotation>
	<folder>data</folder>
	<filename>a33.jpg</filename>
	<path>C:\Users\choowilson\Downloads\data\a33.jpg</path>
	<source>
		<database>Unknown</database>
	</source>
	<size>
		<width>300</width>
		<height>225</height>
		<depth>3</depth>
	</size>
	<segmented>0</segmented>
	<object>
		<name>avocado</name>
		<pose>Unspecified</pose>
		<truncated>0</truncated>
		<difficult>0</difficult>
		<bndbox>
			<xmin>147</xmin>
			<ymin>12</ymin>
			<xmax>268</xmax>
			<ymax>175</ymax>
		</bndbox>
	</object>
	<object>
		<name>avocado</name>
		<pose>Unspecified</pose>
		<truncated>0</truncated>
		<difficult>0</difficult>
		<bndbox>
			<xmin>34</xmin>
			<ymin>50</ymin>
			<xmax>150</xmax>
			<ymax>211</ymax>
		</bndbox>
	</object>
</annotation>
