<annotation>
	<folder>data</folder>
	<filename>a9.jpg</filename>
	<path>C:\Users\choowilson\Downloads\data\a9.jpg</path>
	<source>
		<database>Unknown</database>
	</source>
	<size>
		<width>300</width>
		<height>270</height>
		<depth>3</depth>
	</size>
	<segmented>0</segmented>
	<object>
		<name>avocado</name>
		<pose>Unspecified</pose>
		<truncated>0</truncated>
		<difficult>0</difficult>
		<bndbox>
			<xmin>104</xmin>
			<ymin>145</ymin>
			<xmax>246</xmax>
			<ymax>256</ymax>
		</bndbox>
	</object>
	<object>
		<name>avocado</name>
		<pose>Unspecified</pose>
		<truncated>0</truncated>
		<difficult>0</difficult>
		<bndbox>
			<xmin>66</xmin>
			<ymin>31</ymin>
			<xmax>165</xmax>
			<ymax>160</ymax>
		</bndbox>
	</object>
</annotation>
