<annotation>
	<folder>avocado2</folder>
	<filename>avcd22.jpg</filename>
	<path>C:\Users\choowilson\Desktop\avocado2\avcd22.jpg</path>
	<source>
		<database>Unknown</database>
	</source>
	<size>
		<width>277</width>
		<height>416</height>
		<depth>3</depth>
	</size>
	<segmented>0</segmented>
	<object>
		<name>avocado</name>
		<pose>Unspecified</pose>
		<truncated>0</truncated>
		<difficult>0</difficult>
		<bndbox>
			<xmin>17</xmin>
			<ymin>181</ymin>
			<xmax>213</xmax>
			<ymax>375</ymax>
		</bndbox>
	</object>
	<object>
		<name>avocado</name>
		<pose>Unspecified</pose>
		<truncated>0</truncated>
		<difficult>0</difficult>
		<bndbox>
			<xmin>70</xmin>
			<ymin>65</ymin>
			<xmax>246</xmax>
			<ymax>194</ymax>
		</bndbox>
	</object>
</annotation>
