<annotation>
	<folder>avocado2</folder>
	<filename>avcd68.jpg</filename>
	<path>C:\Users\choowilson\Desktop\avocado2\avcd68.jpg</path>
	<source>
		<database>Unknown</database>
	</source>
	<size>
		<width>416</width>
		<height>277</height>
		<depth>3</depth>
	</size>
	<segmented>0</segmented>
	<object>
		<name>avocado</name>
		<pose>Unspecified</pose>
		<truncated>1</truncated>
		<difficult>0</difficult>
		<bndbox>
			<xmin>283</xmin>
			<ymin>194</ymin>
			<xmax>377</xmax>
			<ymax>277</ymax>
		</bndbox>
	</object>
	<object>
		<name>avocado</name>
		<pose>Unspecified</pose>
		<truncated>1</truncated>
		<difficult>0</difficult>
		<bndbox>
			<xmin>359</xmin>
			<ymin>134</ymin>
			<xmax>416</xmax>
			<ymax>221</ymax>
		</bndbox>
	</object>
</annotation>
