<annotation>
	<folder>avocado2</folder>
	<filename>avcd20.jpg</filename>
	<path>C:\Users\choowilson\Desktop\avocado2\avcd20.jpg</path>
	<source>
		<database>Unknown</database>
	</source>
	<size>
		<width>416</width>
		<height>277</height>
		<depth>3</depth>
	</size>
	<segmented>0</segmented>
	<object>
		<name>avocado</name>
		<pose>Unspecified</pose>
		<truncated>0</truncated>
		<difficult>0</difficult>
		<bndbox>
			<xmin>57</xmin>
			<ymin>22</ymin>
			<xmax>357</xmax>
			<ymax>252</ymax>
		</bndbox>
	</object>
</annotation>
