<annotation>
	<folder>avocado2</folder>
	<filename>avcd64.jpg</filename>
	<path>C:\Users\choowilson\Desktop\avocado2\avcd64.jpg</path>
	<source>
		<database>Unknown</database>
	</source>
	<size>
		<width>416</width>
		<height>267</height>
		<depth>3</depth>
	</size>
	<segmented>0</segmented>
	<object>
		<name>avocado</name>
		<pose>Unspecified</pose>
		<truncated>0</truncated>
		<difficult>0</difficult>
		<bndbox>
			<xmin>141</xmin>
			<ymin>89</ymin>
			<xmax>324</xmax>
			<ymax>229</ymax>
		</bndbox>
	</object>
	<object>
		<name>avocado</name>
		<pose>Unspecified</pose>
		<truncated>0</truncated>
		<difficult>0</difficult>
		<bndbox>
			<xmin>44</xmin>
			<ymin>44</ymin>
			<xmax>210</xmax>
			<ymax>186</ymax>
		</bndbox>
	</object>
	<object>
		<name>avocado</name>
		<pose>Unspecified</pose>
		<truncated>0</truncated>
		<difficult>0</difficult>
		<bndbox>
			<xmin>215</xmin>
			<ymin>52</ymin>
			<xmax>378</xmax>
			<ymax>182</ymax>
		</bndbox>
	</object>
</annotation>
