<annotation>
	<folder>avocado2</folder>
	<filename>avcd67.jpg</filename>
	<path>C:\Users\choowilson\Desktop\avocado2\avcd67.jpg</path>
	<source>
		<database>Unknown</database>
	</source>
	<size>
		<width>416</width>
		<height>366</height>
		<depth>3</depth>
	</size>
	<segmented>0</segmented>
	<object>
		<name>avocado</name>
		<pose>Unspecified</pose>
		<truncated>0</truncated>
		<difficult>0</difficult>
		<bndbox>
			<xmin>37</xmin>
			<ymin>132</ymin>
			<xmax>288</xmax>
			<ymax>338</ymax>
		</bndbox>
	</object>
	<object>
		<name>avocado</name>
		<pose>Unspecified</pose>
		<truncated>0</truncated>
		<difficult>0</difficult>
		<bndbox>
			<xmin>174</xmin>
			<ymin>14</ymin>
			<xmax>383</xmax>
			<ymax>278</ymax>
		</bndbox>
	</object>
</annotation>
