<annotation>
	<folder>avocado2</folder>
	<filename>avcd45.jpg</filename>
	<path>C:\Users\choowilson\Desktop\avocado2\avcd45.jpg</path>
	<source>
		<database>Unknown</database>
	</source>
	<size>
		<width>416</width>
		<height>309</height>
		<depth>3</depth>
	</size>
	<segmented>0</segmented>
	<object>
		<name>avocado</name>
		<pose>Unspecified</pose>
		<truncated>1</truncated>
		<difficult>0</difficult>
		<bndbox>
			<xmin>267</xmin>
			<ymin>109</ymin>
			<xmax>416</xmax>
			<ymax>280</ymax>
		</bndbox>
	</object>
	<object>
		<name>avocado</name>
		<pose>Unspecified</pose>
		<truncated>0</truncated>
		<difficult>0</difficult>
		<bndbox>
			<xmin>13</xmin>
			<ymin>76</ymin>
			<xmax>147</xmax>
			<ymax>235</ymax>
		</bndbox>
	</object>
	<object>
		<name>avocado</name>
		<pose>Unspecified</pose>
		<truncated>0</truncated>
		<difficult>0</difficult>
		<bndbox>
			<xmin>187</xmin>
			<ymin>33</ymin>
			<xmax>390</xmax>
			<ymax>155</ymax>
		</bndbox>
	</object>
</annotation>
