<annotation>
	<folder>avocado2</folder>
	<filename>avcd61.jpg</filename>
	<path>C:\Users\choowilson\Desktop\avocado2\avcd61.jpg</path>
	<source>
		<database>Unknown</database>
	</source>
	<size>
		<width>416</width>
		<height>278</height>
		<depth>3</depth>
	</size>
	<segmented>0</segmented>
	<object>
		<name>avocado</name>
		<pose>Unspecified</pose>
		<truncated>0</truncated>
		<difficult>0</difficult>
		<bndbox>
			<xmin>140</xmin>
			<ymin>157</ymin>
			<xmax>194</xmax>
			<ymax>229</ymax>
		</bndbox>
	</object>
</annotation>
