<annotation>
	<folder>avocado2</folder>
	<filename>avcd59.jpg</filename>
	<path>C:\Users\choowilson\Desktop\avocado2\avcd59.jpg</path>
	<source>
		<database>Unknown</database>
	</source>
	<size>
		<width>416</width>
		<height>277</height>
		<depth>3</depth>
	</size>
	<segmented>0</segmented>
	<object>
		<name>avocado</name>
		<pose>Unspecified</pose>
		<truncated>0</truncated>
		<difficult>0</difficult>
		<bndbox>
			<xmin>97</xmin>
			<ymin>116</ymin>
			<xmax>228</xmax>
			<ymax>240</ymax>
		</bndbox>
	</object>
	<object>
		<name>avocado</name>
		<pose>Unspecified</pose>
		<truncated>0</truncated>
		<difficult>0</difficult>
		<bndbox>
			<xmin>27</xmin>
			<ymin>111</ymin>
			<xmax>117</xmax>
			<ymax>255</ymax>
		</bndbox>
	</object>
</annotation>
