<annotation>
	<folder>avocado2</folder>
	<filename>avcd25.jpg</filename>
	<path>C:\Users\choowilson\Desktop\avocado2\avcd25.jpg</path>
	<source>
		<database>Unknown</database>
	</source>
	<size>
		<width>416</width>
		<height>277</height>
		<depth>3</depth>
	</size>
	<segmented>0</segmented>
	<object>
		<name>avocado</name>
		<pose>Unspecified</pose>
		<truncated>0</truncated>
		<difficult>0</difficult>
		<bndbox>
			<xmin>90</xmin>
			<ymin>125</ymin>
			<xmax>258</xmax>
			<ymax>239</ymax>
		</bndbox>
	</object>
	<object>
		<name>avocado</name>
		<pose>Unspecified</pose>
		<truncated>0</truncated>
		<difficult>0</difficult>
		<bndbox>
			<xmin>31</xmin>
			<ymin>75</ymin>
			<xmax>187</xmax>
			<ymax>191</ymax>
		</bndbox>
	</object>
	<object>
		<name>avocado</name>
		<pose>Unspecified</pose>
		<truncated>0</truncated>
		<difficult>0</difficult>
		<bndbox>
			<xmin>180</xmin>
			<ymin>91</ymin>
			<xmax>347</xmax>
			<ymax>199</ymax>
		</bndbox>
	</object>
</annotation>
