<annotation>
	<folder>avocado2</folder>
	<filename>avcd71.jpg</filename>
	<path>C:\Users\choowilson\Desktop\avocado2\avcd71.jpg</path>
	<source>
		<database>Unknown</database>
	</source>
	<size>
		<width>416</width>
		<height>276</height>
		<depth>3</depth>
	</size>
	<segmented>0</segmented>
	<object>
		<name>avocado</name>
		<pose>Unspecified</pose>
		<truncated>0</truncated>
		<difficult>0</difficult>
		<bndbox>
			<xmin>80</xmin>
			<ymin>70</ymin>
			<xmax>140</xmax>
			<ymax>143</ymax>
		</bndbox>
	</object>
</annotation>
