<annotation>
	<folder>avocado2</folder>
	<filename>avcd31.jpg</filename>
	<path>C:\Users\choowilson\Desktop\avocado2\avcd31.jpg</path>
	<source>
		<database>Unknown</database>
	</source>
	<size>
		<width>277</width>
		<height>416</height>
		<depth>3</depth>
	</size>
	<segmented>0</segmented>
	<object>
		<name>avocado</name>
		<pose>Unspecified</pose>
		<truncated>0</truncated>
		<difficult>0</difficult>
		<bndbox>
			<xmin>53</xmin>
			<ymin>55</ymin>
			<xmax>163</xmax>
			<ymax>187</ymax>
		</bndbox>
	</object>
	<object>
		<name>avocado</name>
		<pose>Unspecified</pose>
		<truncated>0</truncated>
		<difficult>0</difficult>
		<bndbox>
			<xmin>151</xmin>
			<ymin>120</ymin>
			<xmax>265</xmax>
			<ymax>245</ymax>
		</bndbox>
	</object>
	<object>
		<name>avocado</name>
		<pose>Unspecified</pose>
		<truncated>0</truncated>
		<difficult>0</difficult>
		<bndbox>
			<xmin>5</xmin>
			<ymin>150</ymin>
			<xmax>150</xmax>
			<ymax>256</ymax>
		</bndbox>
	</object>
</annotation>
