<annotation>
	<folder>avocado2</folder>
	<filename>avcd57.jpg</filename>
	<path>C:\Users\choowilson\Desktop\avocado2\avcd57.jpg</path>
	<source>
		<database>Unknown</database>
	</source>
	<size>
		<width>416</width>
		<height>278</height>
		<depth>3</depth>
	</size>
	<segmented>0</segmented>
	<object>
		<name>avocado</name>
		<pose>Unspecified</pose>
		<truncated>0</truncated>
		<difficult>0</difficult>
		<bndbox>
			<xmin>169</xmin>
			<ymin>74</ymin>
			<xmax>219</xmax>
			<ymax>108</ymax>
		</bndbox>
	</object>
	<object>
		<name>avocado</name>
		<pose>Unspecified</pose>
		<truncated>0</truncated>
		<difficult>0</difficult>
		<bndbox>
			<xmin>319</xmin>
			<ymin>146</ymin>
			<xmax>358</xmax>
			<ymax>195</ymax>
		</bndbox>
	</object>
</annotation>
