<annotation>
	<folder>avocado2</folder>
	<filename>avcd35.jpg</filename>
	<path>C:\Users\choowilson\Desktop\avocado2\avcd35.jpg</path>
	<source>
		<database>Unknown</database>
	</source>
	<size>
		<width>281</width>
		<height>416</height>
		<depth>3</depth>
	</size>
	<segmented>0</segmented>
	<object>
		<name>avocado</name>
		<pose>Unspecified</pose>
		<truncated>0</truncated>
		<difficult>0</difficult>
		<bndbox>
			<xmin>95</xmin>
			<ymin>229</ymin>
			<xmax>254</xmax>
			<ymax>353</ymax>
		</bndbox>
	</object>
	<object>
		<name>avocado</name>
		<pose>Unspecified</pose>
		<truncated>0</truncated>
		<difficult>0</difficult>
		<bndbox>
			<xmin>112</xmin>
			<ymin>92</ymin>
			<xmax>248</xmax>
			<ymax>245</ymax>
		</bndbox>
	</object>
</annotation>
