<annotation>
	<folder>avocado2</folder>
	<filename>avcd55.jpg</filename>
	<path>C:\Users\choowilson\Desktop\avocado2\avcd55.jpg</path>
	<source>
		<database>Unknown</database>
	</source>
	<size>
		<width>416</width>
		<height>312</height>
		<depth>3</depth>
	</size>
	<segmented>0</segmented>
	<object>
		<name>avocado</name>
		<pose>Unspecified</pose>
		<truncated>0</truncated>
		<difficult>0</difficult>
		<bndbox>
			<xmin>71</xmin>
			<ymin>111</ymin>
			<xmax>244</xmax>
			<ymax>234</ymax>
		</bndbox>
	</object>
	<object>
		<name>avocado</name>
		<pose>Unspecified</pose>
		<truncated>0</truncated>
		<difficult>0</difficult>
		<bndbox>
			<xmin>255</xmin>
			<ymin>114</ymin>
			<xmax>356</xmax>
			<ymax>261</ymax>
		</bndbox>
	</object>
</annotation>
