<annotation>
	<folder>avocado2</folder>
	<filename>avcd41.jpg</filename>
	<path>C:\Users\choowilson\Desktop\avocado2\avcd41.jpg</path>
	<source>
		<database>Unknown</database>
	</source>
	<size>
		<width>416</width>
		<height>333</height>
		<depth>3</depth>
	</size>
	<segmented>0</segmented>
	<object>
		<name>avocado</name>
		<pose>Unspecified</pose>
		<truncated>0</truncated>
		<difficult>0</difficult>
		<bndbox>
			<xmin>46</xmin>
			<ymin>125</ymin>
			<xmax>267</xmax>
			<ymax>265</ymax>
		</bndbox>
	</object>
	<object>
		<name>avocado</name>
		<pose>Unspecified</pose>
		<truncated>0</truncated>
		<difficult>0</difficult>
		<bndbox>
			<xmin>80</xmin>
			<ymin>57</ymin>
			<xmax>214</xmax>
			<ymax>147</ymax>
		</bndbox>
	</object>
	<object>
		<name>avocado</name>
		<pose>Unspecified</pose>
		<truncated>0</truncated>
		<difficult>0</difficult>
		<bndbox>
			<xmin>221</xmin>
			<ymin>95</ymin>
			<xmax>378</xmax>
			<ymax>241</ymax>
		</bndbox>
	</object>
</annotation>
