<annotation>
	<folder>avocado2</folder>
	<filename>avcd33.jpg</filename>
	<path>C:\Users\choowilson\Desktop\avocado2\avcd33.jpg</path>
	<source>
		<database>Unknown</database>
	</source>
	<size>
		<width>416</width>
		<height>331</height>
		<depth>3</depth>
	</size>
	<segmented>0</segmented>
	<object>
		<name>avocado</name>
		<pose>Unspecified</pose>
		<truncated>0</truncated>
		<difficult>0</difficult>
		<bndbox>
			<xmin>149</xmin>
			<ymin>142</ymin>
			<xmax>240</xmax>
			<ymax>270</ymax>
		</bndbox>
	</object>
	<object>
		<name>avocado</name>
		<pose>Unspecified</pose>
		<truncated>0</truncated>
		<difficult>0</difficult>
		<bndbox>
			<xmin>220</xmin>
			<ymin>55</ymin>
			<xmax>343</xmax>
			<ymax>157</ymax>
		</bndbox>
	</object>
	<object>
		<name>avocado</name>
		<pose>Unspecified</pose>
		<truncated>0</truncated>
		<difficult>0</difficult>
		<bndbox>
			<xmin>249</xmin>
			<ymin>164</ymin>
			<xmax>363</xmax>
			<ymax>284</ymax>
		</bndbox>
	</object>
</annotation>
