<annotation>
	<folder>avocado2</folder>
	<filename>avcd10.jpg</filename>
	<path>C:\Users\choowilson\Desktop\avocado2\avcd10.jpg</path>
	<source>
		<database>Unknown</database>
	</source>
	<size>
		<width>416</width>
		<height>277</height>
		<depth>3</depth>
	</size>
	<segmented>0</segmented>
	<object>
		<name>avocado</name>
		<pose>Unspecified</pose>
		<truncated>0</truncated>
		<difficult>0</difficult>
		<bndbox>
			<xmin>15</xmin>
			<ymin>18</ymin>
			<xmax>186</xmax>
			<ymax>262</ymax>
		</bndbox>
	</object>
	<object>
		<name>avocado</name>
		<pose>Unspecified</pose>
		<truncated>0</truncated>
		<difficult>0</difficult>
		<bndbox>
			<xmin>197</xmin>
			<ymin>123</ymin>
			<xmax>397</xmax>
			<ymax>258</ymax>
		</bndbox>
	</object>
</annotation>
