<annotation>
	<folder>avocado2</folder>
	<filename>avcd2.jpg</filename>
	<path>C:\Users\choowilson\Desktop\avocado2\avcd2.jpg</path>
	<source>
		<database>Unknown</database>
	</source>
	<size>
		<width>416</width>
		<height>280</height>
		<depth>3</depth>
	</size>
	<segmented>0</segmented>
	<object>
		<name>avocado</name>
		<pose>Unspecified</pose>
		<truncated>0</truncated>
		<difficult>0</difficult>
		<bndbox>
			<xmin>56</xmin>
			<ymin>52</ymin>
			<xmax>152</xmax>
			<ymax>223</ymax>
		</bndbox>
	</object>
	<object>
		<name>avocado</name>
		<pose>Unspecified</pose>
		<truncated>0</truncated>
		<difficult>0</difficult>
		<bndbox>
			<xmin>262</xmin>
			<ymin>56</ymin>
			<xmax>366</xmax>
			<ymax>226</ymax>
		</bndbox>
	</object>
</annotation>
