<annotation>
	<folder>avocado2</folder>
	<filename>avcd7.jpg</filename>
	<path>C:\Users\choowilson\Desktop\avocado2\avcd7.jpg</path>
	<source>
		<database>Unknown</database>
	</source>
	<size>
		<width>416</width>
		<height>277</height>
		<depth>3</depth>
	</size>
	<segmented>0</segmented>
	<object>
		<name>avocado</name>
		<pose>Unspecified</pose>
		<truncated>0</truncated>
		<difficult>0</difficult>
		<bndbox>
			<xmin>54</xmin>
			<ymin>62</ymin>
			<xmax>190</xmax>
			<ymax>202</ymax>
		</bndbox>
	</object>
	<object>
		<name>avocado</name>
		<pose>Unspecified</pose>
		<truncated>0</truncated>
		<difficult>0</difficult>
		<bndbox>
			<xmin>205</xmin>
			<ymin>50</ymin>
			<xmax>346</xmax>
			<ymax>201</ymax>
		</bndbox>
	</object>
</annotation>
