<annotation>
	<folder>avocado2</folder>
	<filename>avcd24.jpg</filename>
	<path>C:\Users\choowilson\Desktop\avocado2\avcd24.jpg</path>
	<source>
		<database>Unknown</database>
	</source>
	<size>
		<width>416</width>
		<height>277</height>
		<depth>3</depth>
	</size>
	<segmented>0</segmented>
	<object>
		<name>avocado</name>
		<pose>Unspecified</pose>
		<truncated>0</truncated>
		<difficult>0</difficult>
		<bndbox>
			<xmin>72</xmin>
			<ymin>47</ymin>
			<xmax>343</xmax>
			<ymax>237</ymax>
		</bndbox>
	</object>
</annotation>
