<annotation>
	<folder>avocado2</folder>
	<filename>avcd73.jpg</filename>
	<path>C:\Users\choowilson\Desktop\avocado2\avcd73.jpg</path>
	<source>
		<database>Unknown</database>
	</source>
	<size>
		<width>416</width>
		<height>234</height>
		<depth>3</depth>
	</size>
	<segmented>0</segmented>
	<object>
		<name>avocado</name>
		<pose>Unspecified</pose>
		<truncated>0</truncated>
		<difficult>0</difficult>
		<bndbox>
			<xmin>182</xmin>
			<ymin>123</ymin>
			<xmax>274</xmax>
			<ymax>211</ymax>
		</bndbox>
	</object>
	<object>
		<name>banana</name>
		<pose>Unspecified</pose>
		<truncated>0</truncated>
		<difficult>0</difficult>
		<bndbox>
			<xmin>134</xmin>
			<ymin>98</ymin>
			<xmax>270</xmax>
			<ymax>154</ymax>
		</bndbox>
	</object>
</annotation>
