<annotation>
	<folder>avocado2</folder>
	<filename>avcd40.jpg</filename>
	<path>C:\Users\choowilson\Desktop\avocado2\avcd40.jpg</path>
	<source>
		<database>Unknown</database>
	</source>
	<size>
		<width>416</width>
		<height>277</height>
		<depth>3</depth>
	</size>
	<segmented>0</segmented>
	<object>
		<name>avocado</name>
		<pose>Unspecified</pose>
		<truncated>0</truncated>
		<difficult>0</difficult>
		<bndbox>
			<xmin>139</xmin>
			<ymin>85</ymin>
			<xmax>391</xmax>
			<ymax>247</ymax>
		</bndbox>
	</object>
	<object>
		<name>avocado</name>
		<pose>Unspecified</pose>
		<truncated>0</truncated>
		<difficult>0</difficult>
		<bndbox>
			<xmin>36</xmin>
			<ymin>11</ymin>
			<xmax>257</xmax>
			<ymax>135</ymax>
		</bndbox>
	</object>
</annotation>
