<annotation>
	<folder>avocado2</folder>
	<filename>avcd54.jpg</filename>
	<path>C:\Users\choowilson\Desktop\avocado2\avcd54.jpg</path>
	<source>
		<database>Unknown</database>
	</source>
	<size>
		<width>312</width>
		<height>416</height>
		<depth>3</depth>
	</size>
	<segmented>0</segmented>
	<object>
		<name>avocado</name>
		<pose>Unspecified</pose>
		<truncated>0</truncated>
		<difficult>0</difficult>
		<bndbox>
			<xmin>30</xmin>
			<ymin>172</ymin>
			<xmax>280</xmax>
			<ymax>369</ymax>
		</bndbox>
	</object>
	<object>
		<name>avocado</name>
		<pose>Unspecified</pose>
		<truncated>0</truncated>
		<difficult>0</difficult>
		<bndbox>
			<xmin>25</xmin>
			<ymin>71</ymin>
			<xmax>264</xmax>
			<ymax>198</ymax>
		</bndbox>
	</object>
</annotation>
