<annotation>
	<folder>avocado2</folder>
	<filename>avcd3.jpg</filename>
	<path>C:\Users\choowilson\Desktop\avocado2\avcd3.jpg</path>
	<source>
		<database>Unknown</database>
	</source>
	<size>
		<width>416</width>
		<height>277</height>
		<depth>3</depth>
	</size>
	<segmented>0</segmented>
	<object>
		<name>avocado</name>
		<pose>Unspecified</pose>
		<truncated>0</truncated>
		<difficult>0</difficult>
		<bndbox>
			<xmin>16</xmin>
			<ymin>130</ymin>
			<xmax>95</xmax>
			<ymax>265</ymax>
		</bndbox>
	</object>
	<object>
		<name>banana</name>
		<pose>Unspecified</pose>
		<truncated>0</truncated>
		<difficult>0</difficult>
		<bndbox>
			<xmin>179</xmin>
			<ymin>110</ymin>
			<xmax>295</xmax>
			<ymax>249</ymax>
		</bndbox>
	</object>
</annotation>
