<annotation>
	<folder>avocado2</folder>
	<filename>avcd65.jpg</filename>
	<path>C:\Users\choowilson\Desktop\avocado2\avcd65.jpg</path>
	<source>
		<database>Unknown</database>
	</source>
	<size>
		<width>416</width>
		<height>357</height>
		<depth>3</depth>
	</size>
	<segmented>0</segmented>
	<object>
		<name>avocado</name>
		<pose>Unspecified</pose>
		<truncated>0</truncated>
		<difficult>0</difficult>
		<bndbox>
			<xmin>50</xmin>
			<ymin>45</ymin>
			<xmax>184</xmax>
			<ymax>239</ymax>
		</bndbox>
	</object>
	<object>
		<name>avocado</name>
		<pose>Unspecified</pose>
		<truncated>0</truncated>
		<difficult>0</difficult>
		<bndbox>
			<xmin>156</xmin>
			<ymin>169</ymin>
			<xmax>349</xmax>
			<ymax>307</ymax>
		</bndbox>
	</object>
	<object>
		<name>avocado</name>
		<pose>Unspecified</pose>
		<truncated>0</truncated>
		<difficult>0</difficult>
		<bndbox>
			<xmin>172</xmin>
			<ymin>21</ymin>
			<xmax>342</xmax>
			<ymax>171</ymax>
		</bndbox>
	</object>
</annotation>
