<annotation>
	<folder>avocado2</folder>
	<filename>avcd56.jpg</filename>
	<path>C:\Users\choowilson\Desktop\avocado2\avcd56.jpg</path>
	<source>
		<database>Unknown</database>
	</source>
	<size>
		<width>416</width>
		<height>405</height>
		<depth>3</depth>
	</size>
	<segmented>0</segmented>
	<object>
		<name>avocado</name>
		<pose>Unspecified</pose>
		<truncated>0</truncated>
		<difficult>0</difficult>
		<bndbox>
			<xmin>38</xmin>
			<ymin>145</ymin>
			<xmax>397</xmax>
			<ymax>366</ymax>
		</bndbox>
	</object>
	<object>
		<name>avocado</name>
		<pose>Unspecified</pose>
		<truncated>0</truncated>
		<difficult>0</difficult>
		<bndbox>
			<xmin>50</xmin>
			<ymin>26</ymin>
			<xmax>380</xmax>
			<ymax>208</ymax>
		</bndbox>
	</object>
</annotation>
