<annotation>
	<folder>avocado2</folder>
	<filename>avcd62.jpg</filename>
	<path>C:\Users\choowilson\Desktop\avocado2\avcd62.jpg</path>
	<source>
		<database>Unknown</database>
	</source>
	<size>
		<width>416</width>
		<height>277</height>
		<depth>3</depth>
	</size>
	<segmented>0</segmented>
	<object>
		<name>avocado</name>
		<pose>Unspecified</pose>
		<truncated>1</truncated>
		<difficult>0</difficult>
		<bndbox>
			<xmin>127</xmin>
			<ymin>1</ymin>
			<xmax>194</xmax>
			<ymax>47</ymax>
		</bndbox>
	</object>
</annotation>
