<annotation>
	<folder>avocado2</folder>
	<filename>avcd44.jpg</filename>
	<path>C:\Users\choowilson\Desktop\avocado2\avcd44.jpg</path>
	<source>
		<database>Unknown</database>
	</source>
	<size>
		<width>277</width>
		<height>416</height>
		<depth>3</depth>
	</size>
	<segmented>0</segmented>
	<object>
		<name>avocado</name>
		<pose>Unspecified</pose>
		<truncated>0</truncated>
		<difficult>0</difficult>
		<bndbox>
			<xmin>119</xmin>
			<ymin>228</ymin>
			<xmax>236</xmax>
			<ymax>380</ymax>
		</bndbox>
	</object>
</annotation>
