<annotation>
	<folder>avocado2</folder>
	<filename>avcd1.jpg</filename>
	<path>C:\Users\choowilson\Desktop\avocado2\avcd1.jpg</path>
	<source>
		<database>Unknown</database>
	</source>
	<size>
		<width>416</width>
		<height>277</height>
		<depth>3</depth>
	</size>
	<segmented>0</segmented>
	<object>
		<name>avocado</name>
		<pose>Unspecified</pose>
		<truncated>0</truncated>
		<difficult>0</difficult>
		<bndbox>
			<xmin>144</xmin>
			<ymin>48</ymin>
			<xmax>324</xmax>
			<ymax>183</ymax>
		</bndbox>
	</object>
	<object>
		<name>banana</name>
		<pose>Unspecified</pose>
		<truncated>1</truncated>
		<difficult>0</difficult>
		<bndbox>
			<xmin>27</xmin>
			<ymin>116</ymin>
			<xmax>416</xmax>
			<ymax>276</ymax>
		</bndbox>
	</object>
</annotation>
