<annotation>
	<folder>avocado2</folder>
	<filename>avcd49.jpg</filename>
	<path>C:\Users\choowilson\Desktop\avocado2\avcd49.jpg</path>
	<source>
		<database>Unknown</database>
	</source>
	<size>
		<width>277</width>
		<height>416</height>
		<depth>3</depth>
	</size>
	<segmented>0</segmented>
	<object>
		<name>avocado</name>
		<pose>Unspecified</pose>
		<truncated>0</truncated>
		<difficult>0</difficult>
		<bndbox>
			<xmin>42</xmin>
			<ymin>211</ymin>
			<xmax>240</xmax>
			<ymax>380</ymax>
		</bndbox>
	</object>
	<object>
		<name>avocado</name>
		<pose>Unspecified</pose>
		<truncated>0</truncated>
		<difficult>0</difficult>
		<bndbox>
			<xmin>56</xmin>
			<ymin>86</ymin>
			<xmax>229</xmax>
			<ymax>217</ymax>
		</bndbox>
	</object>
</annotation>
