<annotation>
	<folder>avocado2</folder>
	<filename>avcd14.jpg</filename>
	<path>C:\Users\choowilson\Desktop\avocado2\avcd14.jpg</path>
	<source>
		<database>Unknown</database>
	</source>
	<size>
		<width>416</width>
		<height>277</height>
		<depth>3</depth>
	</size>
	<segmented>0</segmented>
	<object>
		<name>avocado</name>
		<pose>Unspecified</pose>
		<truncated>0</truncated>
		<difficult>0</difficult>
		<bndbox>
			<xmin>229</xmin>
			<ymin>80</ymin>
			<xmax>340</xmax>
			<ymax>250</ymax>
		</bndbox>
	</object>
</annotation>
