<annotation>
	<folder>avocado2</folder>
	<filename>avcd16.jpg</filename>
	<path>C:\Users\choowilson\Desktop\avocado2\avcd16.jpg</path>
	<source>
		<database>Unknown</database>
	</source>
	<size>
		<width>416</width>
		<height>287</height>
		<depth>3</depth>
	</size>
	<segmented>0</segmented>
	<object>
		<name>avocado</name>
		<pose>Unspecified</pose>
		<truncated>0</truncated>
		<difficult>0</difficult>
		<bndbox>
			<xmin>36</xmin>
			<ymin>77</ymin>
			<xmax>236</xmax>
			<ymax>224</ymax>
		</bndbox>
	</object>
	<object>
		<name>avocado</name>
		<pose>Unspecified</pose>
		<truncated>0</truncated>
		<difficult>0</difficult>
		<bndbox>
			<xmin>186</xmin>
			<ymin>50</ymin>
			<xmax>378</xmax>
			<ymax>203</ymax>
		</bndbox>
	</object>
</annotation>
