<annotation>
	<folder>avocado2</folder>
	<filename>avcd11.jpg</filename>
	<path>C:\Users\choowilson\Desktop\avocado2\avcd11.jpg</path>
	<source>
		<database>Unknown</database>
	</source>
	<size>
		<width>416</width>
		<height>312</height>
		<depth>3</depth>
	</size>
	<segmented>0</segmented>
	<object>
		<name>avocado</name>
		<pose>Unspecified</pose>
		<truncated>0</truncated>
		<difficult>0</difficult>
		<bndbox>
			<xmin>124</xmin>
			<ymin>47</ymin>
			<xmax>288</xmax>
			<ymax>280</ymax>
		</bndbox>
	</object>
</annotation>
