<annotation>
	<folder>avocado2</folder>
	<filename>avcd51.jpg</filename>
	<path>C:\Users\choowilson\Desktop\avocado2\avcd51.jpg</path>
	<source>
		<database>Unknown</database>
	</source>
	<size>
		<width>416</width>
		<height>416</height>
		<depth>3</depth>
	</size>
	<segmented>0</segmented>
	<object>
		<name>avocado</name>
		<pose>Unspecified</pose>
		<truncated>0</truncated>
		<difficult>0</difficult>
		<bndbox>
			<xmin>21</xmin>
			<ymin>64</ymin>
			<xmax>203</xmax>
			<ymax>364</ymax>
		</bndbox>
	</object>
	<object>
		<name>avocado</name>
		<pose>Unspecified</pose>
		<truncated>0</truncated>
		<difficult>0</difficult>
		<bndbox>
			<xmin>146</xmin>
			<ymin>43</ymin>
			<xmax>399</xmax>
			<ymax>245</ymax>
		</bndbox>
	</object>
</annotation>
