<annotation>
	<folder>avocado2</folder>
	<filename>avcd60.jpg</filename>
	<path>C:\Users\choowilson\Desktop\avocado2\avcd60.jpg</path>
	<source>
		<database>Unknown</database>
	</source>
	<size>
		<width>416</width>
		<height>277</height>
		<depth>3</depth>
	</size>
	<segmented>0</segmented>
	<object>
		<name>avocado</name>
		<pose>Unspecified</pose>
		<truncated>0</truncated>
		<difficult>0</difficult>
		<bndbox>
			<xmin>130</xmin>
			<ymin>104</ymin>
			<xmax>320</xmax>
			<ymax>242</ymax>
		</bndbox>
	</object>
	<object>
		<name>avocado</name>
		<pose>Unspecified</pose>
		<truncated>0</truncated>
		<difficult>0</difficult>
		<bndbox>
			<xmin>67</xmin>
			<ymin>49</ymin>
			<xmax>187</xmax>
			<ymax>209</ymax>
		</bndbox>
	</object>
	<object>
		<name>avocado</name>
		<pose>Unspecified</pose>
		<truncated>0</truncated>
		<difficult>0</difficult>
		<bndbox>
			<xmin>177</xmin>
			<ymin>23</ymin>
			<xmax>319</xmax>
			<ymax>131</ymax>
		</bndbox>
	</object>
</annotation>
