<annotation>
	<folder>avocado2</folder>
	<filename>avcd70.jpg</filename>
	<path>C:\Users\choowilson\Desktop\avocado2\avcd70.jpg</path>
	<source>
		<database>Unknown</database>
	</source>
	<size>
		<width>416</width>
		<height>277</height>
		<depth>3</depth>
	</size>
	<segmented>0</segmented>
	<object>
		<name>avocado</name>
		<pose>Unspecified</pose>
		<truncated>0</truncated>
		<difficult>0</difficult>
		<bndbox>
			<xmin>27</xmin>
			<ymin>23</ymin>
			<xmax>119</xmax>
			<ymax>109</ymax>
		</bndbox>
	</object>
	<object>
		<name>avocado</name>
		<pose>Unspecified</pose>
		<truncated>1</truncated>
		<difficult>0</difficult>
		<bndbox>
			<xmin>331</xmin>
			<ymin>203</ymin>
			<xmax>413</xmax>
			<ymax>277</ymax>
		</bndbox>
	</object>
</annotation>
