<annotation>
	<folder>avocado2</folder>
	<filename>avcd9.jpg</filename>
	<path>C:\Users\choowilson\Desktop\avocado2\avcd9.jpg</path>
	<source>
		<database>Unknown</database>
	</source>
	<size>
		<width>416</width>
		<height>277</height>
		<depth>3</depth>
	</size>
	<segmented>0</segmented>
	<object>
		<name>avocado</name>
		<pose>Unspecified</pose>
		<truncated>0</truncated>
		<difficult>0</difficult>
		<bndbox>
			<xmin>45</xmin>
			<ymin>72</ymin>
			<xmax>257</xmax>
			<ymax>239</ymax>
		</bndbox>
	</object>
	<object>
		<name>avocado</name>
		<pose>Unspecified</pose>
		<truncated>0</truncated>
		<difficult>0</difficult>
		<bndbox>
			<xmin>218</xmin>
			<ymin>56</ymin>
			<xmax>379</xmax>
			<ymax>208</ymax>
		</bndbox>
	</object>
</annotation>
