<annotation>
	<folder>avocado2</folder>
	<filename>avcd12.jpg</filename>
	<path>C:\Users\choowilson\Desktop\avocado2\avcd12.jpg</path>
	<source>
		<database>Unknown</database>
	</source>
	<size>
		<width>416</width>
		<height>281</height>
		<depth>3</depth>
	</size>
	<segmented>0</segmented>
	<object>
		<name>avocado</name>
		<pose>Unspecified</pose>
		<truncated>0</truncated>
		<difficult>0</difficult>
		<bndbox>
			<xmin>49</xmin>
			<ymin>30</ymin>
			<xmax>370</xmax>
			<ymax>255</ymax>
		</bndbox>
	</object>
</annotation>
