<annotation>
	<folder>avocado2</folder>
	<filename>avcd36.jpg</filename>
	<path>C:\Users\choowilson\Desktop\avocado2\avcd36.jpg</path>
	<source>
		<database>Unknown</database>
	</source>
	<size>
		<width>416</width>
		<height>277</height>
		<depth>3</depth>
	</size>
	<segmented>0</segmented>
	<object>
		<name>avocado</name>
		<pose>Unspecified</pose>
		<truncated>0</truncated>
		<difficult>0</difficult>
		<bndbox>
			<xmin>180</xmin>
			<ymin>94</ymin>
			<xmax>283</xmax>
			<ymax>254</ymax>
		</bndbox>
	</object>
	<object>
		<name>avocado</name>
		<pose>Unspecified</pose>
		<truncated>0</truncated>
		<difficult>0</difficult>
		<bndbox>
			<xmin>283</xmin>
			<ymin>69</ymin>
			<xmax>395</xmax>
			<ymax>213</ymax>
		</bndbox>
	</object>
</annotation>
