<annotation>
	<folder>avocado2</folder>
	<filename>avcd6.jpg</filename>
	<path>C:\Users\choowilson\Desktop\avocado2\avcd6.jpg</path>
	<source>
		<database>Unknown</database>
	</source>
	<size>
		<width>416</width>
		<height>276</height>
		<depth>3</depth>
	</size>
	<segmented>0</segmented>
	<object>
		<name>avocado</name>
		<pose>Unspecified</pose>
		<truncated>0</truncated>
		<difficult>0</difficult>
		<bndbox>
			<xmin>148</xmin>
			<ymin>109</ymin>
			<xmax>341</xmax>
			<ymax>249</ymax>
		</bndbox>
	</object>
	<object>
		<name>avocado</name>
		<pose>Unspecified</pose>
		<truncated>0</truncated>
		<difficult>0</difficult>
		<bndbox>
			<xmin>96</xmin>
			<ymin>5</ymin>
			<xmax>239</xmax>
			<ymax>128</ymax>
		</bndbox>
	</object>
	<object>
		<name>avocado</name>
		<pose>Unspecified</pose>
		<truncated>0</truncated>
		<difficult>0</difficult>
		<bndbox>
			<xmin>234</xmin>
			<ymin>12</ymin>
			<xmax>378</xmax>
			<ymax>152</ymax>
		</bndbox>
	</object>
</annotation>
