<annotation>
	<folder>avocado2</folder>
	<filename>avcd66.jpg</filename>
	<path>C:\Users\choowilson\Desktop\avocado2\avcd66.jpg</path>
	<source>
		<database>Unknown</database>
	</source>
	<size>
		<width>294</width>
		<height>416</height>
		<depth>3</depth>
	</size>
	<segmented>0</segmented>
	<object>
		<name>avocado</name>
		<pose>Unspecified</pose>
		<truncated>0</truncated>
		<difficult>0</difficult>
		<bndbox>
			<xmin>32</xmin>
			<ymin>180</ymin>
			<xmax>100</xmax>
			<ymax>299</ymax>
		</bndbox>
	</object>
</annotation>
