<annotation>
	<folder>avocado2</folder>
	<filename>avcd26.jpg</filename>
	<path>C:\Users\choowilson\Desktop\avocado2\avcd26.jpg</path>
	<source>
		<database>Unknown</database>
	</source>
	<size>
		<width>416</width>
		<height>346</height>
		<depth>3</depth>
	</size>
	<segmented>0</segmented>
	<object>
		<name>avocado</name>
		<pose>Unspecified</pose>
		<truncated>0</truncated>
		<difficult>0</difficult>
		<bndbox>
			<xmin>174</xmin>
			<ymin>82</ymin>
			<xmax>397</xmax>
			<ymax>325</ymax>
		</bndbox>
	</object>
	<object>
		<name>avocado</name>
		<pose>Unspecified</pose>
		<truncated>0</truncated>
		<difficult>0</difficult>
		<bndbox>
			<xmin>16</xmin>
			<ymin>13</ymin>
			<xmax>287</xmax>
			<ymax>229</ymax>
		</bndbox>
	</object>
</annotation>
