<annotation>
	<folder>avocado2</folder>
	<filename>avcd19.jpg</filename>
	<path>C:\Users\choowilson\Desktop\avocado2\avcd19.jpg</path>
	<source>
		<database>Unknown</database>
	</source>
	<size>
		<width>416</width>
		<height>277</height>
		<depth>3</depth>
	</size>
	<segmented>0</segmented>
	<object>
		<name>avocado</name>
		<pose>Unspecified</pose>
		<truncated>0</truncated>
		<difficult>0</difficult>
		<bndbox>
			<xmin>30</xmin>
			<ymin>42</ymin>
			<xmax>248</xmax>
			<ymax>238</ymax>
		</bndbox>
	</object>
	<object>
		<name>avocado</name>
		<pose>Unspecified</pose>
		<truncated>0</truncated>
		<difficult>0</difficult>
		<bndbox>
			<xmin>192</xmin>
			<ymin>20</ymin>
			<xmax>407</xmax>
			<ymax>193</ymax>
		</bndbox>
	</object>
</annotation>
