<annotation>
	<folder>avocado2</folder>
	<filename>avcd8.jpg</filename>
	<path>C:\Users\choowilson\Desktop\avocado2\avcd8.jpg</path>
	<source>
		<database>Unknown</database>
	</source>
	<size>
		<width>318</width>
		<height>416</height>
		<depth>3</depth>
	</size>
	<segmented>0</segmented>
	<object>
		<name>avocado</name>
		<pose>Unspecified</pose>
		<truncated>0</truncated>
		<difficult>0</difficult>
		<bndbox>
			<xmin>60</xmin>
			<ymin>39</ymin>
			<xmax>240</xmax>
			<ymax>361</ymax>
		</bndbox>
	</object>
</annotation>
