<annotation>
	<folder>avocado2</folder>
	<filename>avcd42.jpg</filename>
	<path>C:\Users\choowilson\Desktop\avocado2\avcd42.jpg</path>
	<source>
		<database>Unknown</database>
	</source>
	<size>
		<width>416</width>
		<height>299</height>
		<depth>3</depth>
	</size>
	<segmented>0</segmented>
	<object>
		<name>avocado</name>
		<pose>Unspecified</pose>
		<truncated>0</truncated>
		<difficult>0</difficult>
		<bndbox>
			<xmin>165</xmin>
			<ymin>59</ymin>
			<xmax>367</xmax>
			<ymax>240</ymax>
		</bndbox>
	</object>
	<object>
		<name>avocado</name>
		<pose>Unspecified</pose>
		<truncated>0</truncated>
		<difficult>0</difficult>
		<bndbox>
			<xmin>38</xmin>
			<ymin>48</ymin>
			<xmax>241</xmax>
			<ymax>211</ymax>
		</bndbox>
	</object>
</annotation>
