<annotation>
	<folder>avocado2</folder>
	<filename>avcd37.jpg</filename>
	<path>C:\Users\choowilson\Desktop\avocado2\avcd37.jpg</path>
	<source>
		<database>Unknown</database>
	</source>
	<size>
		<width>277</width>
		<height>416</height>
		<depth>3</depth>
	</size>
	<segmented>0</segmented>
	<object>
		<name>avocado</name>
		<pose>Unspecified</pose>
		<truncated>0</truncated>
		<difficult>0</difficult>
		<bndbox>
			<xmin>44</xmin>
			<ymin>40</ymin>
			<xmax>146</xmax>
			<ymax>176</ymax>
		</bndbox>
	</object>
</annotation>
