<annotation>
	<folder>avocado2</folder>
	<filename>avcd50.jpg</filename>
	<path>C:\Users\choowilson\Desktop\avocado2\avcd50.jpg</path>
	<source>
		<database>Unknown</database>
	</source>
	<size>
		<width>416</width>
		<height>327</height>
		<depth>3</depth>
	</size>
	<segmented>0</segmented>
	<object>
		<name>avocado</name>
		<pose>Unspecified</pose>
		<truncated>0</truncated>
		<difficult>0</difficult>
		<bndbox>
			<xmin>200</xmin>
			<ymin>14</ymin>
			<xmax>397</xmax>
			<ymax>266</ymax>
		</bndbox>
	</object>
	<object>
		<name>avocado</name>
		<pose>Unspecified</pose>
		<truncated>0</truncated>
		<difficult>0</difficult>
		<bndbox>
			<xmin>28</xmin>
			<ymin>155</ymin>
			<xmax>294</xmax>
			<ymax>300</ymax>
		</bndbox>
	</object>
	<object>
		<name>avocado</name>
		<pose>Unspecified</pose>
		<truncated>0</truncated>
		<difficult>0</difficult>
		<bndbox>
			<xmin>29</xmin>
			<ymin>53</ymin>
			<xmax>212</xmax>
			<ymax>215</ymax>
		</bndbox>
	</object>
</annotation>
