<annotation>
	<folder>avocado2</folder>
	<filename>avcd69.jpg</filename>
	<path>C:\Users\choowilson\Desktop\avocado2\avcd69.jpg</path>
	<source>
		<database>Unknown</database>
	</source>
	<size>
		<width>416</width>
		<height>322</height>
		<depth>3</depth>
	</size>
	<segmented>0</segmented>
	<object>
		<name>avocado</name>
		<pose>Unspecified</pose>
		<truncated>0</truncated>
		<difficult>0</difficult>
		<bndbox>
			<xmin>68</xmin>
			<ymin>130</ymin>
			<xmax>127</xmax>
			<ymax>197</ymax>
		</bndbox>
	</object>
</annotation>
