<annotation>
	<folder>avocado2</folder>
	<filename>avcd29.jpg</filename>
	<path>C:\Users\choowilson\Desktop\avocado2\avcd29.jpg</path>
	<source>
		<database>Unknown</database>
	</source>
	<size>
		<width>416</width>
		<height>278</height>
		<depth>3</depth>
	</size>
	<segmented>0</segmented>
	<object>
		<name>avocado</name>
		<pose>Unspecified</pose>
		<truncated>0</truncated>
		<difficult>0</difficult>
		<bndbox>
			<xmin>197</xmin>
			<ymin>41</ymin>
			<xmax>354</xmax>
			<ymax>247</ymax>
		</bndbox>
	</object>
	<object>
		<name>avocado</name>
		<pose>Unspecified</pose>
		<truncated>0</truncated>
		<difficult>0</difficult>
		<bndbox>
			<xmin>67</xmin>
			<ymin>50</ymin>
			<xmax>234</xmax>
			<ymax>204</ymax>
		</bndbox>
	</object>
</annotation>
