<annotation>
	<folder>avocado2</folder>
	<filename>avcd15.jpg</filename>
	<path>C:\Users\choowilson\Desktop\avocado2\avcd15.jpg</path>
	<source>
		<database>Unknown</database>
	</source>
	<size>
		<width>416</width>
		<height>277</height>
		<depth>3</depth>
	</size>
	<segmented>0</segmented>
	<object>
		<name>avocado</name>
		<pose>Unspecified</pose>
		<truncated>0</truncated>
		<difficult>0</difficult>
		<bndbox>
			<xmin>174</xmin>
			<ymin>39</ymin>
			<xmax>332</xmax>
			<ymax>257</ymax>
		</bndbox>
	</object>
	<object>
		<name>avocado</name>
		<pose>Unspecified</pose>
		<truncated>0</truncated>
		<difficult>0</difficult>
		<bndbox>
			<xmin>99</xmin>
			<ymin>20</ymin>
			<xmax>292</xmax>
			<ymax>213</ymax>
		</bndbox>
	</object>
</annotation>
