<annotation>
	<folder>avocado2</folder>
	<filename>avcd38.jpg</filename>
	<path>C:\Users\choowilson\Desktop\avocado2\avcd38.jpg</path>
	<source>
		<database>Unknown</database>
	</source>
	<size>
		<width>416</width>
		<height>288</height>
		<depth>3</depth>
	</size>
	<segmented>0</segmented>
	<object>
		<name>avocado</name>
		<pose>Unspecified</pose>
		<truncated>0</truncated>
		<difficult>0</difficult>
		<bndbox>
			<xmin>92</xmin>
			<ymin>35</ymin>
			<xmax>290</xmax>
			<ymax>209</ymax>
		</bndbox>
	</object>
	<object>
		<name>avocado</name>
		<pose>Unspecified</pose>
		<truncated>0</truncated>
		<difficult>0</difficult>
		<bndbox>
			<xmin>206</xmin>
			<ymin>138</ymin>
			<xmax>388</xmax>
			<ymax>270</ymax>
		</bndbox>
	</object>
</annotation>
