<annotation>
	<folder>train</folder>
	<filename>banana (2).jpg</filename>
	<path>C:\Users\choowilson\Desktop\TinyYOLO\src\main\resources\data\train\banana (2).jpg</path>
	<source>
		<database>Unknown</database>
	</source>
	<size>
		<width>416</width>
		<height>416</height>
		<depth>3</depth>
	</size>
	<segmented>0</segmented>
	<object>
		<name>banana</name>
		<pose>Unspecified</pose>
		<truncated>0</truncated>
		<difficult>0</difficult>
		<bndbox>
			<xmin>16</xmin>
			<ymin>36</ymin>
			<xmax>370</xmax>
			<ymax>356</ymax>
		</bndbox>
	</object>
</annotation>
