<annotation>
	<folder>banana</folder>
	<filename>banana (25).jpg</filename>
	<path>C:\Users\choowilson\Desktop\ObjectDetection\src\main\resources\data\train\banana\banana (25).jpg</path>
	<source>
		<database>Unknown</database>
	</source>
	<size>
		<width>416</width>
		<height>416</height>
		<depth>3</depth>
	</size>
	<segmented>0</segmented>
	<object>
		<name>banana</name>
		<pose>Unspecified</pose>
		<truncated>0</truncated>
		<difficult>0</difficult>
		<bndbox>
			<xmin>39</xmin>
			<ymin>17</ymin>
			<xmax>397</xmax>
			<ymax>388</ymax>
		</bndbox>
	</object>
</annotation>
