<annotation>
	<folder>train</folder>
	<filename>banana (1).jpg</filename>
	<path>C:\Users\choowilson\Desktop\TinyYOLO\src\main\resources\data\train\banana (1).jpg</path>
	<source>
		<database>Unknown</database>
	</source>
	<size>
		<width>416</width>
		<height>416</height>
		<depth>3</depth>
	</size>
	<segmented>0</segmented>
	<object>
		<name>banana</name>
		<pose>Unspecified</pose>
		<truncated>0</truncated>
		<difficult>0</difficult>
		<bndbox>
			<xmin>6</xmin>
			<ymin>31</ymin>
			<xmax>404</xmax>
			<ymax>365</ymax>
		</bndbox>
	</object>
</annotation>
