<annotation>
	<folder>data</folder>
	<filename>456808076_dbef8d79d4_n.jpg</filename>
	<path>C:\Users\choowilson\Desktop\TinyYOLO\src\main\resources\data\456808076_dbef8d79d4_n.jpg</path>
	<source>
		<database>Unknown</database>
	</source>
	<size>
		<width>416</width>
		<height>312</height>
		<depth>3</depth>
	</size>
	<segmented>0</segmented>
	<object>
		<name>banana</name>
		<pose>Unspecified</pose>
		<truncated>0</truncated>
		<difficult>0</difficult>
		<bndbox>
			<xmin>43</xmin>
			<ymin>21</ymin>
			<xmax>394</xmax>
			<ymax>272</ymax>
		</bndbox>
	</object>
</annotation>
