<annotation>
	<folder>data</folder>
	<filename>16243905930_558788d3bb_n.jpg</filename>
	<path>C:\Users\choowilson\Desktop\TinyYOLO\src\main\resources\data\16243905930_558788d3bb_n.jpg</path>
	<source>
		<database>Unknown</database>
	</source>
	<size>
		<width>416</width>
		<height>312</height>
		<depth>3</depth>
	</size>
	<segmented>0</segmented>
	<object>
		<name>banana</name>
		<pose>Unspecified</pose>
		<truncated>0</truncated>
		<difficult>0</difficult>
		<bndbox>
			<xmin>87</xmin>
			<ymin>174</ymin>
			<xmax>367</xmax>
			<ymax>293</ymax>
		</bndbox>
	</object>
</annotation>
