<annotation>
	<folder>data</folder>
	<filename>3373505685_cf5e98cf7b_n.jpg</filename>
	<path>C:\Users\choowilson\Desktop\TinyYOLO\src\main\resources\data\3373505685_cf5e98cf7b_n.jpg</path>
	<source>
		<database>Unknown</database>
	</source>
	<size>
		<width>416</width>
		<height>312</height>
		<depth>3</depth>
	</size>
	<segmented>0</segmented>
	<object>
		<name>banana</name>
		<pose>Unspecified</pose>
		<truncated>0</truncated>
		<difficult>0</difficult>
		<bndbox>
			<xmin>4</xmin>
			<ymin>29</ymin>
			<xmax>401</xmax>
			<ymax>295</ymax>
		</bndbox>
	</object>
</annotation>
