<annotation>
	<folder>data</folder>
	<filename>3560804849_893ab68b15_n.jpg</filename>
	<path>C:\Users\choowilson\Desktop\TinyYOLO\src\main\resources\data\3560804849_893ab68b15_n.jpg</path>
	<source>
		<database>Unknown</database>
	</source>
	<size>
		<width>416</width>
		<height>293</height>
		<depth>3</depth>
	</size>
	<segmented>0</segmented>
	<object>
		<name>banana</name>
		<pose>Unspecified</pose>
		<truncated>0</truncated>
		<difficult>0</difficult>
		<bndbox>
			<xmin>5</xmin>
			<ymin>38</ymin>
			<xmax>393</xmax>
			<ymax>281</ymax>
		</bndbox>
	</object>
</annotation>
