<annotation>
	<folder>data</folder>
	<filename>4587663214_993f4c1900.jpg</filename>
	<path>C:\Users\choowilson\Desktop\TinyYOLO\src\main\resources\data\4587663214_993f4c1900.jpg</path>
	<source>
		<database>Unknown</database>
	</source>
	<size>
		<width>416</width>
		<height>276</height>
		<depth>3</depth>
	</size>
	<segmented>0</segmented>
	<object>
		<name>banana</name>
		<pose>Unspecified</pose>
		<truncated>0</truncated>
		<difficult>0</difficult>
		<bndbox>
			<xmin>50</xmin>
			<ymin>18</ymin>
			<xmax>377</xmax>
			<ymax>248</ymax>
		</bndbox>
	</object>
</annotation>
