<annotation>
	<folder>data</folder>
	<filename>5370677903_04182e6d44_n.jpg</filename>
	<path>C:\Users\choowilson\Desktop\TinyYOLO\src\main\resources\data\5370677903_04182e6d44_n.jpg</path>
	<source>
		<database>Unknown</database>
	</source>
	<size>
		<width>416</width>
		<height>267</height>
		<depth>3</depth>
	</size>
	<segmented>0</segmented>
	<object>
		<name>banana</name>
		<pose>Unspecified</pose>
		<truncated>0</truncated>
		<difficult>0</difficult>
		<bndbox>
			<xmin>41</xmin>
			<ymin>96</ymin>
			<xmax>383</xmax>
			<ymax>245</ymax>
		</bndbox>
	</object>
</annotation>
