<annotation>
	<folder>data</folder>
	<filename>5743509869_8a0f92cc88.jpg</filename>
	<path>C:\Users\choowilson\Desktop\TinyYOLO\src\main\resources\data\5743509869_8a0f92cc88.jpg</path>
	<source>
		<database>Unknown</database>
	</source>
	<size>
		<width>416</width>
		<height>261</height>
		<depth>3</depth>
	</size>
	<segmented>0</segmented>
	<object>
		<name>banana</name>
		<pose>Unspecified</pose>
		<truncated>0</truncated>
		<difficult>0</difficult>
		<bndbox>
			<xmin>12</xmin>
			<ymin>54</ymin>
			<xmax>350</xmax>
			<ymax>247</ymax>
		</bndbox>
	</object>
</annotation>
