<annotation>
	<folder>train</folder>
	<filename>b4.jpg</filename>
	<path>C:\Users\choowilson\.deeplearning4j\data\fruits\train\b4.jpg</path>
	<source>
		<database>Unknown</database>
	</source>
	<size>
		<width>416</width>
		<height>416</height>
		<depth>3</depth>
	</size>
	<segmented>0</segmented>
	<object>
		<name>banana</name>
		<pose>Unspecified</pose>
		<truncated>0</truncated>
		<difficult>0</difficult>
		<bndbox>
			<xmin>24</xmin>
			<ymin>109</ymin>
			<xmax>288</xmax>
			<ymax>381</ymax>
		</bndbox>
	</object>
</annotation>
