<annotation>
	<folder>banana3</folder>
	<filename>ban5.jpg</filename>
	<path>C:\Users\choowilson\Desktop\banana3\ban5.jpg</path>
	<source>
		<database>Unknown</database>
	</source>
	<size>
		<width>416</width>
		<height>310</height>
		<depth>3</depth>
	</size>
	<segmented>0</segmented>
	<object>
		<name>banana</name>
		<pose>Unspecified</pose>
		<truncated>0</truncated>
		<difficult>0</difficult>
		<bndbox>
			<xmin>8</xmin>
			<ymin>6</ymin>
			<xmax>409</xmax>
			<ymax>293</ymax>
		</bndbox>
	</object>
</annotation>
