<annotation>
	<folder>banana3</folder>
	<filename>ban7.jpg</filename>
	<path>C:\Users\choowilson\Desktop\banana3\ban7.jpg</path>
	<source>
		<database>Unknown</database>
	</source>
	<size>
		<width>416</width>
		<height>277</height>
		<depth>3</depth>
	</size>
	<segmented>0</segmented>
	<object>
		<name>banana</name>
		<pose>Unspecified</pose>
		<truncated>0</truncated>
		<difficult>0</difficult>
		<bndbox>
			<xmin>28</xmin>
			<ymin>20</ymin>
			<xmax>358</xmax>
			<ymax>190</ymax>
		</bndbox>
	</object>
</annotation>
