<annotation>
	<folder>banana3</folder>
	<filename>banananana.jpg</filename>
	<path>C:\Users\choowilson\Desktop\banana3\banananana.jpg</path>
	<source>
		<database>Unknown</database>
	</source>
	<size>
		<width>416</width>
		<height>314</height>
		<depth>3</depth>
	</size>
	<segmented>0</segmented>
	<object>
		<name>banana</name>
		<pose>Unspecified</pose>
		<truncated>1</truncated>
		<difficult>0</difficult>
		<bndbox>
			<xmin>180</xmin>
			<ymin>61</ymin>
			<xmax>416</xmax>
			<ymax>200</ymax>
		</bndbox>
	</object>
</annotation>
