<annotation>
	<folder>banana4</folder>
	<filename>banana-16904821.jpg</filename>
	<path>C:\Users\choowilson\Desktop\banana4\banana-16904821.jpg</path>
	<source>
		<database>Unknown</database>
	</source>
	<size>
		<width>416</width>
		<height>263</height>
		<depth>3</depth>
	</size>
	<segmented>0</segmented>
	<object>
		<name>banana</name>
		<pose>Unspecified</pose>
		<truncated>0</truncated>
		<difficult>0</difficult>
		<bndbox>
			<xmin>42</xmin>
			<ymin>21</ymin>
			<xmax>390</xmax>
			<ymax>234</ymax>
		</bndbox>
	</object>
</annotation>
