<annotation>
	<folder>banana4</folder>
	<filename>banana-23421798.jpg</filename>
	<path>C:\Users\choowilson\Desktop\banana4\banana-23421798.jpg</path>
	<source>
		<database>Unknown</database>
	</source>
	<size>
		<width>416</width>
		<height>277</height>
		<depth>3</depth>
	</size>
	<segmented>0</segmented>
	<object>
		<name>banana</name>
		<pose>Unspecified</pose>
		<truncated>0</truncated>
		<difficult>0</difficult>
		<bndbox>
			<xmin>69</xmin>
			<ymin>11</ymin>
			<xmax>388</xmax>
			<ymax>266</ymax>
		</bndbox>
	</object>
</annotation>
