<annotation>
	<folder>banana3</folder>
	<filename>banana0.jpg</filename>
	<path>C:\Users\choowilson\Desktop\banana3\banana0.jpg</path>
	<source>
		<database>Unknown</database>
	</source>
	<size>
		<width>416</width>
		<height>277</height>
		<depth>3</depth>
	</size>
	<segmented>0</segmented>
	<object>
		<name>banana</name>
		<pose>Unspecified</pose>
		<truncated>0</truncated>
		<difficult>0</difficult>
		<bndbox>
			<xmin>110</xmin>
			<ymin>7</ymin>
			<xmax>322</xmax>
			<ymax>205</ymax>
		</bndbox>
	</object>
	<object>
		<name>banana</name>
		<pose>Unspecified</pose>
		<truncated>0</truncated>
		<difficult>0</difficult>
		<bndbox>
			<xmin>282</xmin>
			<ymin>120</ymin>
			<xmax>395</xmax>
			<ymax>222</ymax>
		</bndbox>
	</object>
</annotation>
