<annotation>
	<folder>banana3</folder>
	<filename>banana9.jpg</filename>
	<path>C:\Users\choowilson\Desktop\banana3\banana9.jpg</path>
	<source>
		<database>Unknown</database>
	</source>
	<size>
		<width>416</width>
		<height>278</height>
		<depth>3</depth>
	</size>
	<segmented>0</segmented>
	<object>
		<name>banana</name>
		<pose>Unspecified</pose>
		<truncated>1</truncated>
		<difficult>0</difficult>
		<bndbox>
			<xmin>241</xmin>
			<ymin>191</ymin>
			<xmax>304</xmax>
			<ymax>278</ymax>
		</bndbox>
	</object>
	<object>
		<name>banana</name>
		<pose>Unspecified</pose>
		<truncated>1</truncated>
		<difficult>0</difficult>
		<bndbox>
			<xmin>3</xmin>
			<ymin>198</ymin>
			<xmax>47</xmax>
			<ymax>278</ymax>
		</bndbox>
	</object>
</annotation>
