<annotation>
	<folder>banana4</folder>
	<filename>banana-22373200.jpg</filename>
	<path>C:\Users\choowilson\Desktop\banana4\banana-22373200.jpg</path>
	<source>
		<database>Unknown</database>
	</source>
	<size>
		<width>416</width>
		<height>267</height>
		<depth>3</depth>
	</size>
	<segmented>0</segmented>
	<object>
		<name>banana</name>
		<pose>Unspecified</pose>
		<truncated>0</truncated>
		<difficult>0</difficult>
		<bndbox>
			<xmin>32</xmin>
			<ymin>29</ymin>
			<xmax>382</xmax>
			<ymax>243</ymax>
		</bndbox>
	</object>
</annotation>
