<annotation>
	<folder>banana5</folder>
	<filename>banan3.jpg</filename>
	<path>C:\Users\choowilson\Desktop\banana5\banan3.jpg</path>
	<source>
		<database>Unknown</database>
	</source>
	<size>
		<width>800</width>
		<height>532</height>
		<depth>3</depth>
	</size>
	<segmented>0</segmented>
	<object>
		<name>banana</name>
		<pose>Unspecified</pose>
		<truncated>0</truncated>
		<difficult>0</difficult>
		<bndbox>
			<xmin>262</xmin>
			<ymin>205</ymin>
			<xmax>746</xmax>
			<ymax>491</ymax>
		</bndbox>
	</object>
	<object>
		<name>banana</name>
		<pose>Unspecified</pose>
		<truncated>0</truncated>
		<difficult>0</difficult>
		<bndbox>
			<xmin>56</xmin>
			<ymin>28</ymin>
			<xmax>536</xmax>
			<ymax>286</ymax>
		</bndbox>
	</object>
</annotation>
