<annotation>
	<folder>banana4</folder>
	<filename>banana-4680760.jpg</filename>
	<path>C:\Users\choowilson\Desktop\banana4\banana-4680760.jpg</path>
	<source>
		<database>Unknown</database>
	</source>
	<size>
		<width>416</width>
		<height>311</height>
		<depth>3</depth>
	</size>
	<segmented>0</segmented>
	<object>
		<name>banana</name>
		<pose>Unspecified</pose>
		<truncated>0</truncated>
		<difficult>0</difficult>
		<bndbox>
			<xmin>31</xmin>
			<ymin>29</ymin>
			<xmax>352</xmax>
			<ymax>288</ymax>
		</bndbox>
	</object>
</annotation>
