<annotation>
	<folder>banana4</folder>
	<filename>banana-chips-37859218.jpg</filename>
	<path>C:\Users\choowilson\Desktop\banana4\banana-chips-37859218.jpg</path>
	<source>
		<database>Unknown</database>
	</source>
	<size>
		<width>416</width>
		<height>303</height>
		<depth>3</depth>
	</size>
	<segmented>0</segmented>
	<object>
		<name>banana</name>
		<pose>Unspecified</pose>
		<truncated>0</truncated>
		<difficult>0</difficult>
		<bndbox>
			<xmin>103</xmin>
			<ymin>21</ymin>
			<xmax>248</xmax>
			<ymax>259</ymax>
		</bndbox>
	</object>
</annotation>
