<annotation>
	<folder>banana5</folder>
	<filename>bnana3.jpg</filename>
	<path>C:\Users\choowilson\Desktop\banana5\bnana3.jpg</path>
	<source>
		<database>Unknown</database>
	</source>
	<size>
		<width>740</width>
		<height>900</height>
		<depth>3</depth>
	</size>
	<segmented>0</segmented>
	<object>
		<name>banana</name>
		<pose>Unspecified</pose>
		<truncated>0</truncated>
		<difficult>0</difficult>
		<bndbox>
			<xmin>324</xmin>
			<ymin>236</ymin>
			<xmax>698</xmax>
			<ymax>445</ymax>
		</bndbox>
	</object>
</annotation>
