<annotation>
	<folder>banana5</folder>
	<filename>bnana6.jpg</filename>
	<path>C:\Users\choowilson\Desktop\banana5\bnana6.jpg</path>
	<source>
		<database>Unknown</database>
	</source>
	<size>
		<width>800</width>
		<height>533</height>
		<depth>3</depth>
	</size>
	<segmented>0</segmented>
	<object>
		<name>banana</name>
		<pose>Unspecified</pose>
		<truncated>0</truncated>
		<difficult>0</difficult>
		<bndbox>
			<xmin>31</xmin>
			<ymin>55</ymin>
			<xmax>525</xmax>
			<ymax>360</ymax>
		</bndbox>
	</object>
</annotation>
