<annotation>
	<folder>banana5</folder>
	<filename>bnana1.jpg</filename>
	<path>C:\Users\choowilson\Desktop\banana5\bnana1.jpg</path>
	<source>
		<database>Unknown</database>
	</source>
	<size>
		<width>600</width>
		<height>900</height>
		<depth>3</depth>
	</size>
	<segmented>0</segmented>
	<object>
		<name>banana</name>
		<pose>Unspecified</pose>
		<truncated>1</truncated>
		<difficult>0</difficult>
		<bndbox>
			<xmin>296</xmin>
			<ymin>2</ymin>
			<xmax>600</xmax>
			<ymax>277</ymax>
		</bndbox>
	</object>
</annotation>
