<annotation>
	<folder>banana5</folder>
	<filename>bnana7.jpg</filename>
	<path>C:\Users\choowilson\Desktop\banana5\bnana7.jpg</path>
	<source>
		<database>Unknown</database>
	</source>
	<size>
		<width>800</width>
		<height>542</height>
		<depth>3</depth>
	</size>
	<segmented>0</segmented>
	<object>
		<name>banana</name>
		<pose>Unspecified</pose>
		<truncated>0</truncated>
		<difficult>0</difficult>
		<bndbox>
			<xmin>117</xmin>
			<ymin>87</ymin>
			<xmax>329</xmax>
			<ymax>471</ymax>
		</bndbox>
	</object>
	<object>
		<name>banana</name>
		<pose>Unspecified</pose>
		<truncated>0</truncated>
		<difficult>0</difficult>
		<bndbox>
			<xmin>329</xmin>
			<ymin>88</ymin>
			<xmax>555</xmax>
			<ymax>449</ymax>
		</bndbox>
	</object>
	<object>
		<name>banana</name>
		<pose>Unspecified</pose>
		<truncated>0</truncated>
		<difficult>0</difficult>
		<bndbox>
			<xmin>557</xmin>
			<ymin>73</ymin>
			<xmax>727</xmax>
			<ymax>451</ymax>
		</bndbox>
	</object>
</annotation>
