<annotation>
	<folder>banana5</folder>
	<filename>bnana.jpg</filename>
	<path>C:\Users\choowilson\Desktop\banana5\bnana.jpg</path>
	<source>
		<database>Unknown</database>
	</source>
	<size>
		<width>800</width>
		<height>531</height>
		<depth>3</depth>
	</size>
	<segmented>0</segmented>
	<object>
		<name>banana</name>
		<pose>Unspecified</pose>
		<truncated>0</truncated>
		<difficult>0</difficult>
		<bndbox>
			<xmin>11</xmin>
			<ymin>37</ymin>
			<xmax>467</xmax>
			<ymax>314</ymax>
		</bndbox>
	</object>
	<object>
		<name>banana</name>
		<pose>Unspecified</pose>
		<truncated>0</truncated>
		<difficult>0</difficult>
		<bndbox>
			<xmin>83</xmin>
			<ymin>249</ymin>
			<xmax>472</xmax>
			<ymax>487</ymax>
		</bndbox>
	</object>
</annotation>
