<annotation>
	<folder>banana3</folder>
	<filename>bnn1.jpg</filename>
	<path>C:\Users\choowilson\Desktop\banana3\bnn1.jpg</path>
	<source>
		<database>Unknown</database>
	</source>
	<size>
		<width>416</width>
		<height>290</height>
		<depth>3</depth>
	</size>
	<segmented>0</segmented>
	<object>
		<name>banana</name>
		<pose>Unspecified</pose>
		<truncated>0</truncated>
		<difficult>0</difficult>
		<bndbox>
			<xmin>237</xmin>
			<ymin>99</ymin>
			<xmax>290</xmax>
			<ymax>210</ymax>
		</bndbox>
	</object>
</annotation>
