<annotation>
	<folder>banana4</folder>
	<filename>bnna20.jpg</filename>
	<path>C:\Users\choowilson\Desktop\banana4\bnna20.jpg</path>
	<source>
		<database>Unknown</database>
	</source>
	<size>
		<width>416</width>
		<height>202</height>
		<depth>3</depth>
	</size>
	<segmented>0</segmented>
	<object>
		<name>banana</name>
		<pose>Unspecified</pose>
		<truncated>0</truncated>
		<difficult>0</difficult>
		<bndbox>
			<xmin>35</xmin>
			<ymin>15</ymin>
			<xmax>191</xmax>
			<ymax>143</ymax>
		</bndbox>
	</object>
	<object>
		<name>banana</name>
		<pose>Unspecified</pose>
		<truncated>0</truncated>
		<difficult>0</difficult>
		<bndbox>
			<xmin>229</xmin>
			<ymin>29</ymin>
			<xmax>391</xmax>
			<ymax>165</ymax>
		</bndbox>
	</object>
</annotation>
