<annotation>
	<folder>banana4</folder>
	<filename>bnna16.jpg</filename>
	<path>C:\Users\choowilson\Desktop\banana4\bnna16.jpg</path>
	<source>
		<database>Unknown</database>
	</source>
	<size>
		<width>416</width>
		<height>277</height>
		<depth>3</depth>
	</size>
	<segmented>0</segmented>
	<object>
		<name>banana</name>
		<pose>Unspecified</pose>
		<truncated>1</truncated>
		<difficult>0</difficult>
		<bndbox>
			<xmin>4</xmin>
			<ymin>1</ymin>
			<xmax>255</xmax>
			<ymax>124</ymax>
		</bndbox>
	</object>
	<object>
		<name>banana</name>
		<pose>Unspecified</pose>
		<truncated>0</truncated>
		<difficult>0</difficult>
		<bndbox>
			<xmin>242</xmin>
			<ymin>94</ymin>
			<xmax>408</xmax>
			<ymax>187</ymax>
		</bndbox>
	</object>
</annotation>
