<annotation>
	<folder>banana4</folder>
	<filename>bnna9.jpg</filename>
	<path>C:\Users\choowilson\Desktop\banana4\bnna9.jpg</path>
	<source>
		<database>Unknown</database>
	</source>
	<size>
		<width>416</width>
		<height>277</height>
		<depth>3</depth>
	</size>
	<segmented>0</segmented>
	<object>
		<name>banana</name>
		<pose>Unspecified</pose>
		<truncated>0</truncated>
		<difficult>0</difficult>
		<bndbox>
			<xmin>223</xmin>
			<ymin>125</ymin>
			<xmax>366</xmax>
			<ymax>220</ymax>
		</bndbox>
	</object>
</annotation>
