<annotation>
	<folder>banana4</folder>
	<filename>bnna17.jpg</filename>
	<path>C:\Users\choowilson\Desktop\banana4\bnna17.jpg</path>
	<source>
		<database>Unknown</database>
	</source>
	<size>
		<width>416</width>
		<height>315</height>
		<depth>3</depth>
	</size>
	<segmented>0</segmented>
	<object>
		<name>banana</name>
		<pose>Unspecified</pose>
		<truncated>0</truncated>
		<difficult>0</difficult>
		<bndbox>
			<xmin>149</xmin>
			<ymin>14</ymin>
			<xmax>384</xmax>
			<ymax>297</ymax>
		</bndbox>
	</object>
</annotation>
