<annotation>
	<folder>banana4</folder>
	<filename>bnna22.jpg</filename>
	<path>C:\Users\choowilson\Desktop\banana4\bnna22.jpg</path>
	<source>
		<database>Unknown</database>
	</source>
	<size>
		<width>416</width>
		<height>298</height>
		<depth>3</depth>
	</size>
	<segmented>0</segmented>
	<object>
		<name>banana</name>
		<pose>Unspecified</pose>
		<truncated>0</truncated>
		<difficult>0</difficult>
		<bndbox>
			<xmin>31</xmin>
			<ymin>100</ymin>
			<xmax>285</xmax>
			<ymax>282</ymax>
		</bndbox>
	</object>
	<object>
		<name>banana</name>
		<pose>Unspecified</pose>
		<truncated>0</truncated>
		<difficult>0</difficult>
		<bndbox>
			<xmin>70</xmin>
			<ymin>28</ymin>
			<xmax>393</xmax>
			<ymax>226</ymax>
		</bndbox>
	</object>
</annotation>
