<annotation>
	<folder>banana4</folder>
	<filename>bnna13.jpg</filename>
	<path>C:\Users\choowilson\Desktop\banana4\bnna13.jpg</path>
	<source>
		<database>Unknown</database>
	</source>
	<size>
		<width>416</width>
		<height>277</height>
		<depth>3</depth>
	</size>
	<segmented>0</segmented>
	<object>
		<name>banana</name>
		<pose>Unspecified</pose>
		<truncated>1</truncated>
		<difficult>0</difficult>
		<bndbox>
			<xmin>1</xmin>
			<ymin>98</ymin>
			<xmax>194</xmax>
			<ymax>255</ymax>
		</bndbox>
	</object>
</annotation>
