<annotation>
	<folder>banana4</folder>
	<filename>bnna5.jpg</filename>
	<path>C:\Users\choowilson\Desktop\banana4\bnna5.jpg</path>
	<source>
		<database>Unknown</database>
	</source>
	<size>
		<width>416</width>
		<height>416</height>
		<depth>3</depth>
	</size>
	<segmented>0</segmented>
	<object>
		<name>banana</name>
		<pose>Unspecified</pose>
		<truncated>0</truncated>
		<difficult>0</difficult>
		<bndbox>
			<xmin>100</xmin>
			<ymin>45</ymin>
			<xmax>183</xmax>
			<ymax>389</ymax>
		</bndbox>
	</object>
</annotation>
