<annotation>
	<folder>banana4</folder>
	<filename>bnna18.jpg</filename>
	<path>C:\Users\choowilson\Desktop\banana4\bnna18.jpg</path>
	<source>
		<database>Unknown</database>
	</source>
	<size>
		<width>416</width>
		<height>276</height>
		<depth>3</depth>
	</size>
	<segmented>0</segmented>
	<object>
		<name>banana</name>
		<pose>Unspecified</pose>
		<truncated>0</truncated>
		<difficult>0</difficult>
		<bndbox>
			<xmin>2</xmin>
			<ymin>9</ymin>
			<xmax>279</xmax>
			<ymax>175</ymax>
		</bndbox>
	</object>
</annotation>
