<annotation>
	<folder>banana4</folder>
	<filename>bnna14.jpg</filename>
	<path>C:\Users\choowilson\Desktop\banana4\bnna14.jpg</path>
	<source>
		<database>Unknown</database>
	</source>
	<size>
		<width>314</width>
		<height>416</height>
		<depth>3</depth>
	</size>
	<segmented>0</segmented>
	<object>
		<name>banana</name>
		<pose>Unspecified</pose>
		<truncated>0</truncated>
		<difficult>0</difficult>
		<bndbox>
			<xmin>15</xmin>
			<ymin>94</ymin>
			<xmax>262</xmax>
			<ymax>396</ymax>
		</bndbox>
	</object>
</annotation>
