<annotation>
	<folder>banana4</folder>
	<filename>man-banana-24257122.jpg</filename>
	<path>C:\Users\choowilson\Desktop\banana4\man-banana-24257122.jpg</path>
	<source>
		<database>Unknown</database>
	</source>
	<size>
		<width>416</width>
		<height>278</height>
		<depth>3</depth>
	</size>
	<segmented>0</segmented>
	<object>
		<name>banana</name>
		<pose>Unspecified</pose>
		<truncated>0</truncated>
		<difficult>0</difficult>
		<bndbox>
			<xmin>171</xmin>
			<ymin>84</ymin>
			<xmax>335</xmax>
			<ymax>166</ymax>
		</bndbox>
	</object>
</annotation>
