Id,MSZoning,LotFrontage,OverallQual,MasVnrArea,TotalBsmtSF,1stFlrSF,2ndFlrSF,GrLivArea,Fireplaces,GarageType,GarageCars,GarageArea,OpenPorchSF,PoolQC,SaleCondition,SalePrice
1,RL,65,7,196,856,856,854,1710,0,Attchd,2,548,61,NA,Normal,208500
2,RL,80,6,0,1262,1262,0,1262,1,Attchd,2,460,0,NA,Normal,181500
3,RL,68,7,162,920,920,866,1786,1,Attchd,2,608,42,NA,Normal,223500
4,RL,60,7,0,756,961,756,1717,1,Detchd,3,642,35,NA,Abnorml,140000
5,RL,84,8,350,1145,1145,1053,2198,1,Attchd,3,836,84,NA,Normal,250000
6,RL,85,5,0,796,796,566,1362,0,Attchd,2,480,30,NA,Normal,143000
7,RL,75,8,186,1686,1694,0,1694,1,Attchd,2,636,57,NA,Normal,307000
8,RL,NA,7,240,1107,1107,983,2090,2,Attchd,2,484,204,NA,Normal,200000
9,RM,51,7,0,952,1022,752,1774,2,Detchd,2,468,0,NA,Abnorml,129900
10,RL,50,5,0,991,1077,0,1077,2,Attchd,1,205,4,NA,Normal,118000
11,RL,70,5,0,1040,1040,0,1040,0,Detchd,1,384,0,NA,Normal,129500
12,RL,85,9,286,1175,1182,1142,2324,2,BuiltIn,3,736,21,NA,Partial,345000
13,RL,NA,5,0,912,912,0,912,0,Detchd,1,352,0,NA,Normal,144000
14,RL,91,7,306,1494,1494,0,1494,1,Attchd,3,840,33,NA,Partial,279500
15,RL,NA,6,212,1253,1253,0,1253,1,Attchd,1,352,213,NA,Normal,157000
16,RM,51,7,0,832,854,0,854,0,Detchd,2,576,112,NA,Normal,132000
17,RL,NA,6,180,1004,1004,0,1004,1,Attchd,2,480,0,NA,Normal,149000
18,RL,72,4,0,0,1296,0,1296,0,CarPort,2,516,0,NA,Normal,90000
19,RL,66,5,0,1114,1114,0,1114,0,Detchd,2,576,102,NA,Normal,159000
20,RL,70,5,0,1029,1339,0,1339,0,Attchd,1,294,0,NA,Abnorml,139000
21,RL,101,8,380,1158,1158,1218,2376,1,BuiltIn,3,853,154,NA,Partial,325300
22,RM,57,7,0,637,1108,0,1108,1,Attchd,1,280,0,NA,Normal,139400
23,RL,75,8,281,1777,1795,0,1795,1,Attchd,2,534,159,NA,Normal,230000
24,RM,44,5,0,1040,1060,0,1060,1,Attchd,2,572,110,NA,Normal,129900
25,RL,NA,5,0,1060,1060,0,1060,1,Attchd,1,270,90,NA,Normal,154000
26,RL,110,8,640,1566,1600,0,1600,1,Attchd,3,890,56,NA,Normal,256300
27,RL,60,5,0,900,900,0,900,0,Detchd,2,576,32,NA,Normal,134800
28,RL,98,8,200,1704,1704,0,1704,1,Attchd,3,772,50,NA,Normal,306000
29,RL,47,5,0,1484,1600,0,1600,2,Attchd,1,319,258,NA,Normal,207500
30,RM,60,4,0,520,520,0,520,0,Detchd,1,240,0,NA,Normal,68500
31,C (all),50,4,0,649,649,668,1317,0,Detchd,1,250,54,NA,Normal,40000
32,RL,NA,5,0,1228,1228,0,1228,0,Attchd,1,271,65,NA,Normal,149350
33,RL,85,8,0,1234,1234,0,1234,0,Attchd,2,484,30,NA,Normal,179900
34,RL,70,5,0,1398,1700,0,1700,1,Attchd,2,447,38,NA,Normal,165500
35,RL,60,9,246,1561,1561,0,1561,1,Attchd,2,556,47,NA,Normal,277500
36,RL,108,8,132,1117,1132,1320,2452,1,BuiltIn,3,691,32,NA,Normal,309000
37,RL,112,5,0,1097,1097,0,1097,0,Attchd,2,672,64,NA,Normal,145000
38,RL,74,5,650,1297,1297,0,1297,1,Attchd,2,498,0,NA,Normal,153000
39,RL,68,5,0,1057,1057,0,1057,0,Detchd,1,246,52,NA,Abnorml,109000
40,RL,65,4,0,0,1152,0,1152,0,NA,0,0,0,NA,AdjLand,82000
41,RL,84,6,101,1088,1324,0,1324,1,Attchd,2,440,138,NA,Abnorml,160000
42,RL,115,5,0,1350,1328,0,1328,2,Attchd,1,308,104,NA,Normal,170000
43,RL,NA,5,0,840,884,0,884,0,Attchd,2,504,0,NA,Normal,144000
44,RL,NA,5,0,938,938,0,938,0,Detchd,1,308,0,NA,Normal,130250
45,RL,70,5,0,1150,1150,0,1150,0,Attchd,1,300,0,NA,Normal,141000
46,RL,61,9,412,1752,1752,0,1752,1,Attchd,2,576,82,NA,Normal,319900
47,RL,48,7,0,1434,1518,631,2149,1,Attchd,2,670,43,NA,Abnorml,239686
48,FV,84,8,0,1656,1656,0,1656,0,Attchd,3,826,146,NA,Normal,249700
49,RM,33,4,0,736,736,716,1452,0,NA,0,0,0,NA,Partial,113000
50,RL,66,5,0,955,955,0,955,0,Attchd,1,386,0,NA,Normal,127000
51,RL,NA,6,0,794,794,676,1470,0,Attchd,2,388,75,NA,Normal,177000
52,RM,52,6,0,816,816,0,1176,1,Detchd,2,528,0,NA,Normal,114500
53,RM,110,5,0,816,816,0,816,0,CarPort,2,516,0,NA,Normal,110000
54,RL,68,9,0,1842,1842,0,1842,1,Attchd,3,894,72,NA,Normal,385000
55,RL,60,5,0,384,1360,0,1360,1,Detchd,2,572,50,NA,Normal,130000
56,RL,100,6,272,1425,1425,0,1425,1,Attchd,2,576,0,NA,Normal,180500
57,FV,24,8,456,970,983,756,1739,0,Attchd,2,480,0,NA,Abnorml,172500
58,RL,89,7,0,860,860,860,1720,0,Attchd,2,565,70,NA,Normal,196500
59,RL,66,10,1031,1410,1426,1519,2945,1,BuiltIn,3,641,0,NA,Partial,438780
60,RL,60,5,0,780,780,0,780,0,Detchd,1,352,0,NA,Normal,124900
61,RL,63,6,0,1158,1158,0,1158,0,Detchd,2,576,50,NA,Partial,158000
62,RM,60,5,0,530,581,530,1111,0,Detchd,1,288,0,NA,Normal,101000
63,RL,44,8,178,1370,1370,0,1370,1,Attchd,2,484,49,NA,Normal,202500
64,RM,50,7,0,576,902,808,1710,0,Detchd,2,480,11,NA,Normal,140000
65,RL,NA,7,573,1057,1057,977,2034,0,Attchd,2,645,36,NA,Normal,219500
66,RL,76,8,344,1143,1143,1330,2473,1,BuiltIn,3,852,151,NA,Normal,317000
67,RL,NA,7,287,1947,2207,0,2207,1,Attchd,2,576,0,NA,Normal,180000
68,RL,72,7,167,1453,1479,0,1479,0,Attchd,2,558,29,NA,Normal,226000
69,RM,47,4,0,747,747,0,747,0,Attchd,1,220,0,NA,Normal,80000
70,RL,81,7,0,1304,1304,983,2287,1,Attchd,2,667,21,NA,Normal,225000
71,RL,95,7,1115,2223,2223,0,2223,2,Attchd,2,516,0,NA,Normal,244000
72,RL,69,4,0,845,845,0,845,0,Detchd,2,360,0,NA,Normal,129500
73,RL,74,7,40,832,885,833,1718,1,Attchd,2,427,94,NA,Normal,185000
74,RL,85,5,104,1086,1086,0,1086,0,Attchd,2,490,0,NA,Normal,144900
75,RM,60,3,0,840,840,765,1605,0,Detchd,1,379,0,NA,Normal,107400
76,RM,21,4,0,462,526,462,988,0,BuiltIn,1,297,101,NA,Normal,91000
77,RL,NA,4,0,952,952,0,952,0,Detchd,1,283,0,NA,Normal,135750
78,RM,50,5,0,672,1072,213,1285,0,Detchd,1,240,0,NA,Normal,127000
79,RL,72,4,0,1768,1768,0,1768,0,NA,0,0,0,NA,Normal,136500
80,RM,60,5,0,440,682,548,1230,0,Detchd,2,440,0,NA,Normal,110000
81,RL,100,6,576,896,1182,960,2142,1,Attchd,1,509,72,NA,Normal,193500
82,RM,32,6,443,1237,1337,0,1337,0,Attchd,2,405,199,NA,Normal,153500
83,RL,78,8,468,1563,1563,0,1563,1,Attchd,3,758,99,NA,Normal,245000
84,RL,80,5,66,1065,1065,0,1065,0,Detchd,2,461,0,NA,Normal,126500
85,RL,NA,7,22,384,804,670,1474,1,BuiltIn,2,400,72,NA,Normal,168500
86,RL,121,8,284,1288,1301,1116,2417,1,Attchd,2,462,82,NA,Normal,260000
87,RL,122,6,0,684,684,876,1560,1,BuiltIn,2,400,38,NA,Normal,174000
88,FV,40,6,76,612,612,612,1224,0,Detchd,2,528,234,NA,Partial,164500
89,C (all),105,3,0,1013,1013,0,1526,0,NA,0,0,0,NA,Abnorml,85000
90,RL,60,4,0,990,990,0,990,0,NA,0,0,0,NA,Normal,123600
91,RL,60,4,0,0,1040,0,1040,0,Detchd,2,420,29,NA,Normal,109900
92,RL,85,5,203,1235,1235,0,1235,0,Attchd,2,480,0,NA,Abnorml,98600
93,RL,80,5,0,876,964,0,964,0,Detchd,2,432,0,NA,Normal,163500
94,C (all),60,6,0,1214,1260,1031,2291,1,Detchd,2,506,0,NA,Normal,133900
95,RL,69,6,0,824,905,881,1786,0,Attchd,2,684,162,NA,Normal,204750
96,RL,NA,6,68,680,680,790,1470,1,BuiltIn,2,420,63,NA,Normal,185000
97,RL,78,7,183,1588,1588,0,1588,0,Attchd,2,472,29,NA,Normal,214000
98,RL,73,4,48,960,960,0,960,0,Attchd,1,432,0,NA,Normal,94750
99,RL,85,5,0,458,835,0,835,0,Basment,1,366,0,NA,Abnorml,83000
100,RL,77,4,0,950,1225,0,1225,0,NA,0,0,0,NA,Normal,128950
101,RL,NA,6,28,1610,1610,0,1610,2,Attchd,2,480,68,NA,Normal,205000
102,RL,77,6,336,741,977,755,1732,1,Attchd,2,476,46,NA,Normal,178000
103,RL,64,5,0,0,1535,0,1535,0,Attchd,2,410,0,NA,Alloca,118964
104,RL,94,7,0,1226,1226,0,1226,0,Attchd,3,740,36,NA,Normal,198900
105,RM,NA,7,600,1040,1226,592,1818,2,Detchd,1,240,0,NA,Normal,169500
106,FV,75,8,768,1053,1053,939,1992,1,Attchd,2,648,45,NA,Normal,250000
107,RM,60,4,0,641,1047,0,1047,0,Detchd,1,273,0,NA,Normal,100000
108,RM,50,5,0,789,789,0,789,0,Detchd,1,250,0,NA,Partial,115000
109,RM,85,5,0,793,997,520,1517,0,NA,0,0,0,NA,Normal,115000
110,RL,105,6,480,1844,1844,0,1844,1,Attchd,2,546,122,NA,Normal,190000
111,RL,75,6,0,994,1216,639,1855,0,Attchd,1,325,0,NA,Normal,136900
112,RL,NA,7,0,384,774,656,1430,1,BuiltIn,2,400,0,NA,Normal,180000
113,RL,77,7,220,1264,1282,1414,2696,1,BuiltIn,3,792,184,NA,Partial,383970
114,RL,NA,6,184,1809,2259,0,2259,2,Basment,2,450,120,NA,Abnorml,217000
115,RL,61,6,0,1028,1436,884,2320,1,Detchd,1,180,0,NA,Normal,259500
116,FV,34,6,1129,729,729,729,1458,1,Detchd,2,440,32,NA,Normal,176000
117,RL,NA,5,116,1092,1092,0,1092,1,Attchd,1,288,20,NA,Normal,139000
118,RL,74,5,0,1125,1125,0,1125,0,Attchd,2,430,64,NA,Partial,155000
119,RL,90,7,0,1673,1699,1523,3222,2,Attchd,3,594,0,NA,Normal,320000
120,RL,65,6,0,728,728,728,1456,1,Attchd,2,390,24,NA,Partial,163990
121,RL,NA,6,0,938,988,0,988,2,Attchd,2,540,130,NA,Normal,180000
122,RM,50,4,0,732,772,351,1123,0,Detchd,1,264,0,NA,Normal,100000
123,RL,75,6,135,1080,1080,0,1080,0,Attchd,1,288,0,NA,Normal,136000
124,RL,55,6,0,1199,1199,0,1199,0,Attchd,2,530,63,NA,Normal,153900
125,RL,48,6,0,1362,1586,0,1586,1,Attchd,2,435,0,NA,Normal,181000
126,RM,60,6,0,520,520,0,754,0,NA,0,0,0,NA,Normal,84500
127,RL,NA,6,0,1078,958,0,958,1,Attchd,2,440,205,NA,Normal,128000
128,RM,55,5,0,672,840,0,840,1,NA,0,0,0,NA,Normal,87000
129,RL,69,6,266,660,660,688,1348,1,Attchd,2,453,108,NA,Normal,155000
130,RL,69,5,85,1008,1053,0,1053,0,2Types,2,750,80,NA,Abnorml,150000
131,RL,88,7,309,924,1216,941,2157,2,Attchd,2,487,66,NA,Normal,226000
132,RL,NA,6,40,992,1022,1032,2054,1,BuiltIn,2,390,48,NA,Normal,244000
133,RL,75,5,0,1063,1327,0,1327,0,Detchd,2,624,0,NA,Normal,150750
134,RL,NA,8,136,1267,1296,0,1296,0,Attchd,2,471,25,NA,Normal,220000
135,RL,78,5,0,1461,1721,0,1721,1,Attchd,2,440,96,NA,Normal,180000
136,RL,80,7,288,1304,1682,0,1682,1,Attchd,2,530,0,NA,Normal,174000
137,RL,NA,5,196,1214,1214,0,1214,1,Attchd,1,318,111,NA,Normal,143000
138,RL,82,7,70,1907,1959,0,1959,0,2Types,3,766,0,NA,Family,171000
139,RL,73,8,320,1004,1004,848,1852,2,Attchd,3,660,106,NA,Normal,230000
140,RL,65,6,0,928,928,836,1764,0,Attchd,2,470,99,NA,Normal,231500
141,RL,70,4,0,864,864,0,864,1,NA,0,0,0,NA,Normal,115000
142,RL,78,7,0,1734,1734,0,1734,0,Attchd,2,660,24,NA,Normal,260000
143,RL,71,5,0,910,910,475,1385,0,Detchd,2,720,0,NA,Normal,166000
144,RL,78,7,183,1490,1501,0,1501,0,Attchd,2,577,29,NA,Normal,204000
145,RM,70,5,336,1728,1728,0,1728,0,Detchd,2,504,0,NA,Abnorml,125000
146,RM,24,6,50,970,970,739,1709,0,Detchd,2,380,40,NA,Normal,130000
147,RM,51,5,0,715,875,0,875,0,Detchd,1,180,0,NA,Normal,105000
148,RL,NA,7,180,884,884,1151,2035,1,BuiltIn,2,434,48,NA,Normal,222500
149,RL,63,7,120,1080,1080,0,1080,0,NA,0,0,0,NA,Normal,141000
150,RM,NA,5,0,896,896,448,1344,0,Detchd,1,240,114,NA,Normal,115000
151,RL,120,5,0,969,969,0,969,0,Attchd,2,440,0,NA,Normal,122000
152,RL,107,8,436,1710,1710,0,1710,1,Attchd,3,866,102,NA,Partial,372402
153,RL,NA,6,252,825,1097,896,1993,1,Attchd,2,495,66,NA,Normal,190000
154,RL,NA,6,0,1602,1252,0,1252,1,Attchd,2,564,0,NA,Normal,235000
155,RM,84,6,0,1200,1200,0,1200,0,Detchd,1,312,0,NA,Family,125000
156,RL,60,6,0,572,572,524,1096,0,NA,0,0,8,NA,Normal,79000
157,RL,60,5,0,0,1040,0,1040,0,Detchd,2,625,0,NA,Normal,109500
158,RL,92,8,84,774,774,1194,1968,1,BuiltIn,3,680,75,NA,Partial,269500
159,FV,100,7,0,991,991,956,1947,1,Attchd,2,678,136,NA,Normal,254900
160,RL,134,7,456,1392,1392,1070,2462,1,Attchd,2,576,132,NA,Partial,320000
161,RL,NA,6,0,1232,1232,0,1232,0,Attchd,2,516,0,NA,Normal,162500
162,RL,110,9,664,1572,1572,1096,2668,2,BuiltIn,3,726,0,NA,Normal,412500
163,RL,95,7,226,1541,1541,0,1541,1,Attchd,2,532,70,NA,Partial,220000
164,RL,55,4,0,882,882,0,882,0,NA,0,0,0,NA,Normal,103200
165,RM,40,6,0,1149,1149,467,1616,0,Detchd,1,216,0,NA,Normal,152000
166,RL,62,5,0,644,808,547,1355,0,NA,0,0,0,NA,Normal,127500
167,RL,NA,5,0,1617,1867,0,1867,3,Attchd,1,303,0,NA,Normal,190000
168,RL,86,8,300,1582,1610,551,2161,1,Attchd,3,789,120,NA,Partial,325624
169,RL,62,7,0,840,840,880,1720,1,Attchd,2,440,48,NA,Normal,183500
170,RL,NA,8,653,1686,1707,0,1707,1,Attchd,2,511,64,NA,Normal,228000
171,RM,NA,5,0,720,854,0,1382,0,Detchd,2,660,0,NA,Normal,128500
172,RL,141,6,112,1080,1656,0,1656,2,Attchd,2,528,62,NA,Normal,215000
173,RL,44,7,0,1064,1064,703,1767,1,Attchd,2,504,35,NA,Normal,239000
174,RL,80,6,491,1362,1362,0,1362,1,Attchd,2,504,20,NA,Normal,163000
175,RL,47,6,132,1606,1651,0,1651,1,Attchd,2,616,0,NA,Normal,184000
176,RL,84,6,0,1202,2158,0,2158,1,Attchd,2,576,29,NA,Normal,243000
177,RL,97,6,268,1151,1164,896,2060,1,Attchd,2,521,228,NA,Normal,211000
178,RL,NA,5,0,1052,1252,668,1920,1,Attchd,2,451,0,NA,Normal,172500
179,RL,63,9,748,2216,2234,0,2234,1,Attchd,3,1166,60,NA,Partial,501837
180,RM,60,5,0,968,968,0,968,0,Detchd,2,480,0,NA,Normal,100000
181,FV,NA,6,456,756,769,756,1525,1,Detchd,2,440,0,NA,Normal,177000
182,RL,54,7,0,793,901,901,1802,1,Detchd,1,216,0,NA,Normal,200100
183,RL,60,5,98,0,1340,0,1340,1,Attchd,1,252,0,NA,Normal,120000
184,RM,63,7,0,1362,1362,720,2082,0,Detchd,2,484,238,NA,Normal,200000
185,RL,92,5,0,504,936,316,1252,0,Attchd,2,576,0,NA,Normal,127000
186,RM,90,10,0,1107,1518,1518,3608,2,Detchd,3,840,260,NA,Normal,475000
187,RL,NA,7,0,1188,1217,0,1217,0,Attchd,2,497,27,NA,Normal,173000
188,RL,60,5,0,660,808,704,1656,0,Detchd,1,180,0,NA,Normal,135000
189,RL,64,5,275,1086,1224,0,1224,2,Detchd,2,528,0,NA,Alloca,153337
190,RL,41,8,0,1593,1593,0,1593,1,Attchd,2,682,120,NA,Normal,286000
191,RL,70,8,0,853,1549,1178,2727,2,Detchd,2,440,74,NA,Normal,315000
192,RL,NA,7,138,725,725,754,1479,0,Attchd,2,484,32,NA,Normal,184000
193,RL,68,7,0,1431,1431,0,1431,0,Attchd,2,666,35,NA,Normal,192000
194,RM,24,7,50,970,970,739,1709,0,Detchd,2,380,40,NA,Normal,130000
195,RL,60,5,0,864,864,0,864,0,Detchd,1,352,0,NA,Normal,127000
196,RL,24,6,0,855,855,601,1456,1,Attchd,2,440,0,NA,Normal,148500
197,RL,79,7,205,1726,1726,0,1726,1,Attchd,3,786,138,NA,Partial,311872
198,RL,174,8,0,1360,1360,1360,3112,1,Detchd,2,795,16,Ex,Abnorml,235000
199,RM,92,6,0,755,929,929,2229,0,NA,0,0,198,NA,Abnorml,104000
200,RL,76,8,262,1713,1713,0,1713,1,Attchd,3,856,26,NA,Normal,274900
201,RM,80,4,0,1121,1121,0,1121,0,Attchd,2,440,64,NA,Normal,140000
202,RL,75,6,0,1196,1279,0,1279,2,Detchd,2,473,83,NA,Normal,171500
203,RL,50,6,0,617,865,445,1310,0,Attchd,1,398,0,NA,Normal,112000
204,RM,NA,6,205,848,848,0,848,1,Attchd,2,420,0,NA,Normal,149000
205,RM,50,5,0,720,720,564,1284,0,Detchd,1,240,35,NA,Normal,110000
206,RL,99,7,0,1424,1442,0,1442,0,Attchd,2,500,34,NA,Normal,180500
207,RL,40,5,0,1140,1696,0,1696,1,Attchd,1,349,30,NA,Normal,143900
208,RL,NA,4,0,1100,1100,0,1100,1,Attchd,1,312,0,NA,Normal,141000
209,RL,NA,7,128,1157,1180,882,2062,1,Attchd,2,454,55,NA,Normal,277000
210,RL,75,6,260,1092,1092,0,1092,0,Attchd,2,504,0,NA,Normal,145000
211,RL,67,5,0,864,864,0,864,0,NA,0,0,0,NA,Normal,98000
212,RL,83,6,0,1212,1212,0,1212,0,Attchd,2,460,22,NA,Normal,186000
213,FV,72,7,0,900,932,920,1852,1,Attchd,2,644,108,NA,Partial,252678
214,RL,43,5,0,990,990,0,990,0,Attchd,2,576,0,NA,Normal,156000
215,RL,NA,6,153,689,689,703,1392,0,Attchd,1,299,36,NA,Normal,161750
216,RL,72,5,64,1070,1236,0,1236,1,Attchd,1,447,0,NA,Normal,134450
217,RL,65,7,266,1436,1436,0,1436,0,Attchd,2,484,98,NA,Normal,210000
218,RM,57,4,0,686,810,518,1328,0,Detchd,1,210,172,NA,Family,107000
219,RL,NA,7,312,798,1137,817,1954,2,Attchd,2,431,119,NA,Normal,311500
220,RL,43,7,16,1248,1248,0,1248,0,Attchd,2,438,0,NA,Partial,167240
221,RL,73,7,0,1498,1498,0,1498,0,Attchd,2,675,33,NA,Partial,204900
222,RL,NA,6,0,1010,1010,1257,2267,1,BuiltIn,2,390,46,NA,Normal,200000
223,RL,85,6,0,713,811,741,1552,1,Attchd,2,434,208,NA,Normal,179900
224,RL,70,4,0,864,864,0,864,0,Detchd,2,576,0,NA,Abnorml,97000
225,RL,103,10,922,2392,2392,0,2392,1,Attchd,3,968,105,NA,Normal,386250
226,RM,21,5,142,630,630,672,1302,0,Detchd,1,280,0,NA,Abnorml,112000
227,RL,82,7,290,1203,1214,1306,2520,1,Attchd,3,721,114,NA,Abnorml,290000
228,RM,21,6,127,483,483,504,987,0,Detchd,1,280,0,NA,Normal,106000
229,RL,70,5,0,912,912,0,912,1,Detchd,1,336,0,NA,Normal,125000
230,RL,43,7,16,1373,1555,0,1555,1,Attchd,2,430,20,NA,Normal,192500
231,RL,73,6,220,1194,1194,0,1194,0,Attchd,1,312,0,NA,Normal,148000
232,RL,174,8,506,1462,1490,1304,2794,1,Attchd,3,810,146,NA,Normal,403000
233,RM,21,6,297,483,483,504,987,1,Attchd,1,288,0,NA,Normal,94500
234,RL,75,5,0,894,894,0,894,0,Attchd,1,308,0,NA,Normal,128200
235,RL,NA,6,NA,860,860,1100,1960,2,BuiltIn,2,440,48,NA,Normal,216500
236,RM,21,6,604,483,483,504,987,0,Detchd,1,264,0,NA,Normal,89500
237,RL,65,7,98,1414,1414,0,1414,0,Attchd,2,494,105,NA,Normal,185500
238,RL,NA,7,0,996,1014,730,1744,0,Attchd,2,457,70,NA,Normal,194500
239,RL,93,8,254,1694,1694,0,1694,0,Attchd,3,818,228,NA,Partial,318000
240,RL,52,6,0,735,798,689,1487,1,Detchd,1,220,140,NA,Normal,113000
241,FV,75,8,36,1566,1566,0,1566,0,Attchd,2,750,168,NA,Normal,262500
242,RM,40,5,0,686,866,0,866,0,NA,0,0,42,NA,Normal,110500
243,RM,63,5,0,540,889,551,1440,0,Attchd,1,352,0,NA,Normal,79000
244,RL,75,6,0,626,626,591,1217,1,Attchd,1,288,28,NA,Normal,120000
245,RL,NA,7,0,948,1222,888,2110,2,Attchd,2,463,130,NA,Normal,205000
246,RL,80,7,102,1845,1872,0,1872,1,Attchd,2,604,39,NA,Normal,241500
247,RM,69,6,0,1020,908,1020,1928,0,Detchd,1,440,60,NA,Normal,137000
248,RL,75,6,0,1367,1375,0,1375,1,Attchd,2,451,30,NA,Normal,140000
249,RL,72,7,101,840,840,828,1668,0,Attchd,2,500,68,NA,Normal,180000
250,RL,NA,6,472,1444,1444,700,2144,2,Attchd,2,389,98,NA,Normal,277000
251,RL,55,3,0,728,1306,0,1306,0,NA,0,0,0,NA,Normal,76500
252,RM,44,8,481,1573,1625,0,1625,1,Attchd,2,538,0,NA,Family,235000
253,RL,65,6,0,798,798,842,1640,0,Attchd,2,520,45,NA,Normal,173000
254,RL,85,6,108,1302,1302,0,1302,0,Attchd,1,309,0,NA,Normal,158000
255,RL,70,5,0,1314,1314,0,1314,0,Attchd,1,294,0,NA,Normal,145000
256,RL,66,7,302,975,1005,1286,2291,1,BuiltIn,2,429,0,NA,Normal,230000
257,FV,64,6,0,864,864,864,1728,0,Attchd,2,673,56,NA,Normal,207500
258,RL,68,7,180,1604,1604,0,1604,1,Attchd,2,660,110,NA,Abnorml,220000
259,RL,80,7,172,963,963,829,1792,1,Attchd,2,564,96,NA,Normal,231500
260,RM,70,5,0,0,882,0,882,0,Detchd,1,308,45,NA,Normal,97000
261,RL,120,6,399,1362,1382,0,1382,1,Attchd,2,884,0,NA,Normal,176000
262,RL,69,8,270,1482,1482,1092,2574,1,BuiltIn,3,868,148,NA,Partial,276000
263,RL,88,6,46,506,1212,0,1212,1,Attchd,2,492,12,NA,Normal,151000
264,RM,50,5,0,926,926,0,1316,0,Detchd,2,484,0,NA,Normal,130000
265,RM,30,5,0,680,764,0,764,0,Detchd,2,504,0,NA,Normal,73000
266,RL,78,6,210,1422,1422,0,1422,1,Attchd,2,576,0,NA,Normal,175500
267,RL,70,6,0,802,802,709,1511,1,Attchd,2,413,75,NA,Normal,185000
268,RL,60,5,0,720,1052,720,2192,1,Detchd,1,240,24,NA,Normal,179500
269,RM,71,5,0,740,778,0,778,1,Detchd,1,924,25,NA,Normal,120500
270,RL,NA,6,174,1143,1113,0,1113,1,Attchd,1,504,30,NA,Normal,148000
271,FV,84,8,0,1095,1095,844,1939,1,Attchd,3,1053,51,NA,Partial,266000
272,RL,73,7,0,1385,1363,0,1363,2,Attchd,2,439,0,NA,Normal,241500
273,RL,92,8,348,1152,1164,1106,2270,1,Attchd,3,671,57,NA,Normal,290000
274,RL,80,6,183,1240,1632,0,1632,1,Attchd,1,338,0,NA,Normal,139000
275,RL,76,5,0,816,816,0,816,0,Attchd,1,264,0,NA,Normal,124500
276,RL,55,7,0,952,952,596,1548,0,Detchd,2,672,0,NA,Normal,205000
277,RL,129,7,0,1560,1560,0,1560,0,Attchd,2,573,150,NA,Normal,201000
278,RL,140,4,0,864,864,0,864,0,Detchd,2,400,0,NA,Normal,141000
279,RL,107,9,315,2121,2121,0,2121,1,Attchd,3,732,98,NA,Partial,415298
280,RL,83,7,299,1160,1156,866,2022,1,Attchd,2,505,117,NA,Normal,192000
281,RL,82,7,340,807,1175,807,1982,1,Attchd,2,575,84,NA,Normal,228500
282,FV,60,6,68,1262,1262,0,1262,0,Attchd,2,572,120,NA,Partial,185000
283,RL,34,7,166,1314,1314,0,1314,1,Attchd,2,626,62,NA,Normal,207500
284,RL,74,8,72,1468,1468,0,1468,1,Attchd,3,898,150,NA,Partial,244600
285,RL,50,6,0,1575,1575,0,1575,0,Attchd,2,529,0,NA,Normal,179200
286,FV,35,7,0,625,625,625,1250,0,Detchd,2,528,54,NA,Partial,164700
287,RL,77,6,0,912,1085,649,1734,1,Attchd,2,440,0,NA,Normal,159000
288,RL,NA,4,0,858,858,0,858,0,NA,0,0,0,NA,Normal,88000
289,RL,NA,5,31,882,900,0,900,0,Detchd,1,280,0,NA,Normal,122000
290,RL,60,6,0,698,698,698,1396,0,Detchd,1,384,0,NA,Normal,153575
291,RL,120,8,0,1079,1079,840,1919,1,Attchd,2,685,51,NA,Partial,233230
292,RL,55,5,0,780,936,780,1716,0,NA,0,0,184,NA,Normal,135900
293,RL,60,5,0,768,1148,568,1716,1,Attchd,1,281,0,NA,Normal,131000
294,RL,NA,7,34,795,1468,795,2263,1,Attchd,2,539,250,NA,Normal,235000
295,RL,80,6,238,1416,1644,0,1644,2,Attchd,2,418,0,NA,Normal,167000
296,RL,37,6,0,1003,1003,0,1003,0,Detchd,2,588,0,NA,Normal,142500
297,RM,75,5,0,910,910,648,1558,0,Attchd,1,282,0,NA,Normal,152000
298,FV,66,7,1600,975,975,975,1950,1,Detchd,2,576,10,NA,Normal,239000
299,RL,90,6,365,702,1041,702,1743,1,Attchd,2,539,0,NA,Normal,175000
300,RL,80,6,0,1092,1152,0,1152,1,Attchd,1,300,36,NA,Family,158500
301,RL,90,5,56,1165,1336,0,1336,2,Attchd,1,375,0,NA,Normal,157000
302,RL,66,8,0,1028,1210,1242,2452,1,BuiltIn,2,683,50,NA,Normal,267000
303,RL,118,7,150,1541,1541,0,1541,1,Attchd,3,843,81,NA,Normal,205000
304,RL,70,5,0,894,894,0,894,0,Attchd,2,552,0,NA,Abnorml,149900
305,RM,87,7,0,1470,1675,1818,3493,1,Attchd,3,870,0,NA,Normal,295000
306,RL,80,8,246,2000,2000,0,2000,0,Attchd,3,888,0,NA,Normal,305900
307,RL,116,7,246,700,1122,1121,2243,1,Attchd,3,746,44,NA,Normal,225000
308,RM,NA,6,0,319,1035,371,1406,0,NA,0,0,144,NA,Normal,89500
309,RL,NA,4,0,861,861,0,861,0,Detchd,2,539,0,NA,Normal,82500
310,RL,90,9,0,1896,1944,0,1944,3,Attchd,3,708,175,NA,Normal,360000
311,RL,NA,6,112,697,697,804,1501,1,Attchd,2,420,63,NA,Normal,165600
312,RL,50,6,0,972,972,0,972,1,Detchd,1,240,0,NA,Normal,132000
313,RM,65,5,0,793,793,325,1118,1,Detchd,2,410,0,NA,Normal,119900
314,RL,150,7,0,2136,2036,0,2036,2,Attchd,2,513,0,NA,Normal,375000
315,RM,60,7,0,728,832,809,1641,1,Detchd,2,546,0,NA,Normal,178000
316,RL,71,7,0,716,716,716,1432,1,Attchd,2,432,51,NA,Normal,188500
317,RL,94,7,278,845,1153,1200,2353,1,Attchd,2,484,195,NA,Normal,260000
318,FV,75,8,0,1088,1088,871,1959,1,Attchd,3,1025,46,NA,Normal,270000
319,RL,90,7,256,1347,1372,1274,2646,1,Attchd,3,656,60,NA,Normal,260000
320,RL,NA,7,225,1372,1472,0,1472,2,Attchd,2,588,48,NA,Normal,187500
321,RL,111,9,370,1249,1249,1347,2596,0,Attchd,3,840,154,NA,Partial,342643
322,RL,99,8,388,1136,1136,1332,2468,1,BuiltIn,3,872,154,NA,Normal,354000
323,RL,86,7,172,1502,1553,1177,2730,1,Attchd,2,576,96,NA,Normal,301000
324,RM,49,3,0,1162,1163,0,1163,0,Attchd,1,220,98,NA,Normal,126175
325,RL,96,7,300,710,1898,1080,2978,1,BuiltIn,2,564,0,NA,Normal,242000
326,RM,50,5,0,720,803,0,803,0,Detchd,2,360,0,NA,Normal,87000
327,RL,32,8,0,1719,1719,0,1719,2,Attchd,2,473,30,NA,Normal,324000
328,RL,80,6,175,1383,1383,0,1383,0,Attchd,1,292,45,NA,Normal,145250
329,RL,NA,6,0,844,1445,689,2134,0,Detchd,2,441,60,NA,Normal,214500
330,RM,60,5,0,596,596,596,1192,0,Detchd,1,189,0,NA,Normal,78000
331,RL,NA,5,84,1728,1728,0,1728,0,Detchd,1,352,0,NA,Normal,119000
332,RL,70,5,0,1056,1056,0,1056,0,Attchd,1,308,0,NA,Normal,139000
333,RL,85,8,296,3206,1629,0,1629,1,Attchd,3,880,0,NA,Normal,284000
334,RM,59,7,146,1358,1358,0,1358,1,Attchd,2,484,30,NA,Normal,207000
335,RL,59,6,0,943,943,695,1638,2,Attchd,2,472,38,NA,Normal,192000
336,RL,NA,5,0,1499,1619,167,1786,2,Attchd,2,529,0,NA,Normal,228950
337,RL,86,9,200,1922,1922,0,1922,1,Attchd,3,676,51,NA,Normal,377426
338,RL,70,7,113,1536,1536,0,1536,0,Attchd,2,532,74,NA,Normal,214000
339,RL,91,7,0,1208,1621,0,1621,0,Attchd,2,440,45,NA,Normal,202500
340,RL,66,6,176,1215,1215,0,1215,0,Attchd,1,297,0,NA,Normal,155000
341,RL,85,8,0,967,993,915,1908,0,Attchd,2,431,0,NA,Normal,202900
342,RH,60,4,0,721,841,0,841,0,CarPort,1,294,0,NA,Normal,82000
343,RL,NA,3,340,0,1040,0,1040,0,Detchd,2,400,0,NA,Normal,87500
344,RL,63,9,616,1684,1684,0,1684,1,Attchd,2,564,72,NA,Normal,266000
345,RM,36,5,0,536,536,576,1112,0,Attchd,1,336,0,NA,Normal,85000
346,RL,65,6,0,972,972,605,1577,1,Detchd,1,312,0,NA,Normal,140200
347,RL,NA,6,0,958,958,0,958,0,Attchd,1,301,0,NA,Normal,151500
348,RL,NA,6,30,1478,1478,0,1478,2,Attchd,2,498,40,NA,Normal,157500
349,RL,36,7,106,764,764,862,1626,0,BuiltIn,2,474,27,NA,Normal,154000
350,RL,56,9,870,1848,1848,880,2728,2,Attchd,3,706,0,NA,Partial,437154
351,RL,68,9,362,1869,1869,0,1869,1,Attchd,2,617,54,NA,Partial,318061
352,RL,NA,7,0,1453,1453,0,1453,1,Attchd,2,445,80,NA,Abnorml,190000
353,RL,60,5,0,616,616,495,1111,0,Detchd,1,200,0,NA,Normal,95000
354,RM,60,6,0,624,720,0,720,0,Detchd,2,484,0,NA,Normal,105900
355,RL,60,6,0,940,1192,403,1595,2,Attchd,1,240,0,NA,Normal,140000
356,RL,105,6,0,1200,1200,0,1200,0,Attchd,2,521,26,NA,Normal,177500
357,RL,NA,6,106,1158,1167,0,1167,0,Attchd,2,400,26,NA,Normal,173000
358,RM,44,5,0,1142,1142,0,1142,1,Attchd,2,528,90,NA,Normal,134000
359,RL,92,5,120,1062,1352,0,1352,0,BuiltIn,1,288,0,NA,Abnorml,130000
360,RL,78,8,530,1086,1086,838,1924,1,Attchd,2,592,75,NA,Normal,280000
361,RL,NA,6,0,888,912,0,912,1,Attchd,2,470,0,NA,Normal,156000
362,RL,NA,5,0,883,988,517,1505,0,Detchd,1,240,0,NA,Normal,145000
363,RL,64,7,500,0,495,1427,1922,1,BuiltIn,2,672,0,NA,Normal,198500
364,RM,21,6,510,483,483,504,987,0,Detchd,1,264,0,NA,Normal,118000
365,RL,NA,6,120,796,790,784,1574,1,Attchd,2,566,111,NA,Normal,190000
366,RM,59,5,0,672,672,672,1344,0,Detchd,1,468,128,NA,Normal,147000
367,RL,NA,6,247,1394,1394,0,1394,2,Attchd,2,514,76,NA,Normal,159000
368,RL,101,6,305,1099,1431,0,1431,1,Basment,1,296,110,NA,Normal,165000
369,RL,78,5,200,1268,1268,0,1268,1,Attchd,1,244,98,NA,Normal,132000
370,RL,NA,5,0,1063,1287,0,1287,1,Detchd,2,576,17,NA,Normal,162000
371,RL,NA,6,0,953,953,711,1664,1,Attchd,2,460,40,NA,Normal,172400
372,RL,80,4,0,0,1120,468,1588,1,Detchd,2,680,59,NA,Normal,134432
373,RL,50,6,0,744,752,0,752,0,Attchd,1,264,0,NA,Normal,125000
374,RL,79,5,0,608,1319,0,1319,0,Attchd,1,270,0,NA,Normal,123000
375,RL,65,7,0,847,847,1081,1928,1,BuiltIn,2,434,48,NA,Normal,219500
376,RL,NA,1,0,683,904,0,904,0,NA,0,0,0,NA,Normal,61000
377,RL,57,5,0,870,914,0,914,0,Detchd,2,576,0,NA,Normal,148000
378,FV,102,8,0,1580,1580,886,2466,1,Attchd,2,610,214,NA,Normal,340000
379,RL,88,9,350,1856,1856,0,1856,1,Attchd,3,834,0,NA,Partial,394432
380,RL,60,6,16,982,1007,793,1800,1,Attchd,2,463,63,NA,Normal,179000
381,RL,50,5,0,1026,1026,665,1691,1,Detchd,1,308,0,NA,Normal,127000
382,FV,60,7,0,1293,1301,0,1301,1,Attchd,2,572,121,NA,Partial,187750
383,RL,79,7,0,939,939,858,1797,0,Attchd,2,639,53,NA,Normal,213500
384,RH,60,6,0,784,784,0,784,0,Detchd,2,360,0,NA,Normal,76000
385,RL,NA,6,0,1580,1079,874,1953,2,Attchd,2,501,231,NA,Normal,240000
386,RL,43,8,16,1256,1269,0,1269,1,Attchd,2,430,20,NA,Normal,192000
387,RL,58,5,0,658,658,526,1184,0,NA,0,0,151,NA,AdjLand,81000
388,RL,72,6,255,1041,1125,0,1125,1,Detchd,1,352,0,NA,Abnorml,125000
389,RL,93,7,125,1468,1479,0,1479,0,Attchd,2,577,25,NA,Normal,191000
390,RL,96,10,272,1682,1742,590,2332,1,BuiltIn,3,846,134,NA,Partial,426000
391,RL,50,5,0,861,961,406,1367,0,Detchd,1,384,130,NA,Normal,119000
392,RL,71,6,0,804,804,1157,1961,1,BuiltIn,2,560,192,NA,Normal,215000
393,RL,NA,5,0,0,882,0,882,0,Attchd,1,294,0,NA,Normal,106500
394,RL,NA,4,0,788,788,0,788,2,NA,0,0,0,NA,Abnorml,100000
395,RL,60,5,0,735,735,299,1034,0,Detchd,1,240,39,NA,Normal,109000
396,RL,68,5,0,1144,1144,0,1144,0,Attchd,1,596,0,NA,Normal,129000
397,RL,60,5,0,894,894,0,894,0,Detchd,2,600,0,NA,Normal,123000
398,RL,69,5,288,864,876,936,1812,1,Attchd,1,264,168,NA,Normal,169500
399,RM,60,5,0,961,1077,0,1077,0,Detchd,1,338,0,NA,Abnorml,67000
400,FV,65,7,100,1092,1112,438,1550,0,Attchd,2,438,168,NA,Normal,241000
401,RL,38,8,0,1260,1288,0,1288,2,Attchd,2,500,30,NA,Normal,245500
402,RL,65,7,0,1310,1310,0,1310,1,Attchd,2,400,0,NA,Partial,164990
403,RL,60,5,0,672,672,0,672,0,Detchd,1,240,0,NA,Normal,108000
404,RL,93,8,650,1141,1165,1098,2263,1,BuiltIn,2,420,123,NA,Abnorml,258000
405,RL,NA,6,0,806,806,766,1572,1,BuiltIn,2,373,40,NA,Normal,168000
406,RL,NA,4,0,1281,1620,0,1620,1,Attchd,2,490,78,NA,Normal,150000
407,RL,51,6,0,1064,1166,0,1639,0,Detchd,1,240,0,NA,Normal,115000
408,RL,63,6,0,840,840,840,1680,0,Attchd,1,308,0,NA,Normal,177000
409,RL,109,7,350,1063,1071,1101,2172,1,Attchd,3,947,62,NA,Partial,280000
410,FV,85,8,100,1034,1050,1028,2078,1,Attchd,3,836,102,NA,Partial,339750
411,RL,68,5,0,1276,1276,0,1276,0,Attchd,1,350,0,NA,Abnorml,60000
412,RL,100,5,0,1056,1056,0,1056,0,Attchd,2,572,0,NA,Normal,145000
413,FV,NA,7,432,1470,1478,0,1478,1,Attchd,2,484,144,NA,Partial,222000
414,RM,56,5,0,1008,1028,0,1028,1,Detchd,2,360,0,NA,Normal,115000
415,RL,59,7,0,1080,1080,1017,2097,1,Attchd,3,678,187,NA,Normal,228000
416,RL,73,7,0,1340,1340,0,1340,0,Attchd,2,396,30,NA,Partial,181134
417,RL,74,6,203,672,672,728,1400,1,Attchd,2,440,0,NA,Normal,149500
418,RL,86,6,0,1370,1370,1254,2624,1,Detchd,3,864,0,NA,Normal,239000
419,RL,60,5,0,756,756,378,1134,0,Detchd,1,240,0,NA,AdjLand,126000
420,RL,65,5,0,1056,1056,0,1056,1,Attchd,1,304,85,NA,Normal,142000
421,RM,78,7,200,1344,1344,0,1344,0,Attchd,4,784,0,NA,Alloca,206300
422,RL,NA,6,126,1602,1602,0,1602,1,Attchd,2,529,0,NA,Normal,215000
423,RL,100,5,0,988,988,0,988,0,Attchd,2,520,0,NA,Normal,113000
424,RL,80,8,473,1470,1470,1160,2630,1,Attchd,3,696,66,NA,Normal,315000
425,RL,72,6,74,1196,1196,0,1196,1,Attchd,1,297,44,NA,Normal,139000
426,RM,60,7,0,651,707,682,1389,2,Detchd,1,240,0,NA,Normal,135000
427,RL,NA,7,145,1518,1644,0,1644,1,Attchd,2,569,0,NA,Normal,275000
428,RL,77,4,0,907,907,0,907,0,Detchd,1,352,0,NA,Normal,109008
429,RL,64,7,108,1208,1208,0,1208,0,Attchd,2,628,54,NA,Partial,195400
430,RL,130,6,0,1392,1412,0,1412,1,Attchd,2,576,0,NA,Normal,175000
431,RM,21,6,232,483,483,504,987,0,Detchd,1,264,0,NA,Abnorml,85400
432,RM,60,6,0,901,1088,110,1198,0,NA,0,0,98,NA,Abnorml,79900
433,RM,24,5,376,765,765,600,1365,0,Detchd,2,440,36,NA,Normal,122500
434,RL,100,6,0,926,926,678,1604,1,Attchd,2,470,36,NA,Normal,181000
435,RM,21,4,0,630,630,0,630,0,NA,0,0,0,NA,Normal,81000
436,RL,43,7,0,799,827,834,1661,1,Attchd,2,550,61,NA,Normal,212000
437,RM,40,6,0,648,734,384,1118,0,Detchd,2,440,0,NA,Normal,116000
438,RM,50,6,0,884,904,0,904,0,Detchd,1,180,0,NA,Normal,119000
439,RL,40,5,0,440,694,0,694,1,Detchd,1,352,0,NA,Normal,90350
440,RL,67,6,0,684,684,512,1196,0,Detchd,2,528,46,NA,Normal,110000
441,RL,105,10,200,3094,2402,0,2402,2,Attchd,3,672,72,NA,Normal,555000
442,RL,92,4,270,1440,1440,0,1440,0,NA,0,0,0,NA,Normal,118000
443,RM,52,5,0,1078,1128,445,1573,1,Detchd,2,360,0,NA,Normal,162900
444,RL,53,7,72,1258,1258,0,1258,1,Attchd,3,648,16,NA,Partial,172500
445,RL,70,7,0,915,933,975,1908,1,Attchd,2,493,133,NA,Normal,210000
446,RL,73,6,0,1436,1689,0,1689,1,Attchd,2,480,0,NA,Normal,127500
447,RL,137,6,0,1517,1888,0,1888,1,Attchd,2,578,0,NA,Normal,190000
448,RL,NA,7,0,930,956,930,1886,1,Attchd,2,431,0,NA,Normal,199900
449,RM,50,6,0,780,780,596,1376,1,Detchd,1,198,0,NA,Normal,119500
450,RM,50,3,0,649,679,504,1183,0,Detchd,1,308,176,NA,Normal,120000
451,RM,70,6,0,813,813,0,813,0,Detchd,1,270,113,NA,Normal,110000
452,RL,62,7,0,1533,1533,0,1533,2,Attchd,2,576,54,NA,Normal,280000
453,RL,NA,6,42,872,888,868,1756,0,Attchd,2,422,122,NA,Normal,204000
454,FV,75,8,0,768,786,804,1590,0,Attchd,2,676,30,NA,Normal,210000
455,RL,63,5,0,1728,1728,0,1728,0,Detchd,2,560,0,NA,Family,188000
456,RL,80,7,320,1242,1242,0,1242,1,Attchd,2,528,0,NA,Normal,175500
457,RM,34,5,0,624,624,720,1344,0,Detchd,3,513,0,NA,Abnorml,98000
458,RL,NA,4,0,1364,1663,0,1663,2,Attchd,2,529,137,NA,Normal,256000
459,RM,NA,8,0,588,833,833,1666,1,Detchd,1,228,63,NA,Normal,161000
460,RL,NA,5,161,709,979,224,1203,1,Detchd,1,352,0,NA,Normal,110000
461,FV,75,8,110,832,832,1103,1935,0,BuiltIn,2,552,150,NA,Partial,263435
462,RL,60,7,0,560,575,560,1135,0,Detchd,2,576,0,NA,Normal,155000
463,RL,60,5,0,864,864,0,864,1,Detchd,1,360,0,NA,Normal,62383
464,RL,74,6,0,715,849,811,1660,1,Detchd,1,240,0,NA,Normal,188700
465,RL,60,5,136,1040,1040,0,1040,0,NA,0,0,0,NA,Normal,124000
466,RM,NA,7,18,1375,1414,0,1414,1,Attchd,2,398,20,NA,Normal,178740
467,RL,85,7,0,1277,1277,0,1277,1,Attchd,2,526,0,NA,Normal,167000
468,RL,79,5,224,728,888,756,1644,2,Attchd,1,312,0,NA,Normal,146500
469,RL,98,8,248,1626,1634,0,1634,1,Attchd,3,866,44,NA,Normal,250000
470,RL,76,6,120,832,832,878,1710,0,Attchd,2,506,70,NA,Normal,187000
471,RL,NA,8,0,1488,1502,0,1502,0,Attchd,2,528,54,NA,Normal,212000
472,RL,92,7,0,808,1161,808,1969,1,Attchd,2,534,0,NA,Normal,190000
473,RM,35,6,80,547,1072,0,1072,0,Basment,2,525,28,NA,Normal,148000
474,RL,110,8,304,1976,1976,0,1976,1,Attchd,3,908,63,NA,Partial,440000
475,RL,41,8,0,1494,1652,0,1652,0,Attchd,2,499,48,NA,Normal,251000
476,RL,80,5,0,970,970,0,970,0,Detchd,2,624,24,NA,Normal,132500
477,RL,75,6,215,1478,1493,0,1493,1,Attchd,2,508,39,NA,Normal,208900
478,RL,105,9,772,2153,2069,574,2643,1,BuiltIn,3,694,84,NA,Normal,380000
479,RL,79,8,336,1705,1718,0,1718,1,Attchd,3,826,44,NA,Normal,297000
480,RM,50,4,435,907,1131,0,1131,0,Detchd,2,672,72,NA,Alloca,89471
481,RL,98,9,378,1833,1850,0,1850,1,Attchd,3,772,112,NA,Normal,326000
482,RL,72,9,562,1792,1792,0,1792,1,Attchd,3,874,49,NA,Normal,374000
483,RM,50,7,0,910,916,910,1826,1,Attchd,1,164,0,NA,Normal,155000
484,RM,32,6,116,1216,1216,0,1216,0,Attchd,2,402,125,NA,Normal,164000
485,RL,NA,5,0,999,999,0,999,0,Detchd,1,264,132,NA,Normal,132500
486,RL,80,5,0,1113,1113,0,1113,1,Attchd,1,264,80,NA,Normal,147000
487,RL,79,5,168,1073,1073,0,1073,0,Attchd,2,515,0,NA,Normal,156000
488,RL,70,5,0,1484,1484,0,1484,1,Attchd,2,487,0,NA,Normal,175000
489,RL,60,5,0,954,1766,648,2414,1,Attchd,2,520,0,NA,Normal,160000
490,RM,21,4,0,630,630,0,630,0,Attchd,1,286,0,NA,Normal,86000
491,RM,NA,5,0,264,616,688,1304,1,BuiltIn,1,336,24,NA,Normal,115000
492,RL,79,6,0,806,958,620,1578,2,Attchd,1,240,0,NA,Normal,133000
493,RL,105,6,0,728,728,728,1456,0,Attchd,2,429,0,NA,Partial,172785
494,RL,70,5,0,1269,1269,0,1269,1,Detchd,1,308,0,NA,Normal,155000
495,RM,50,5,0,190,886,0,886,0,Attchd,1,273,20,NA,Normal,91300
496,C (all),60,4,0,720,720,0,720,0,NA,0,0,523,NA,Abnorml,34900
497,RL,NA,8,0,3200,3228,0,3228,1,Attchd,2,546,75,NA,Normal,430000
498,RL,60,7,0,1026,1133,687,1820,0,Detchd,1,240,100,NA,Normal,184000
499,RL,65,5,89,864,899,0,899,0,Attchd,1,288,0,NA,Normal,130000
500,RL,70,5,0,912,912,0,912,0,Attchd,1,297,285,NA,Normal,120000
501,RM,21,6,285,672,672,546,1218,0,Detchd,1,264,28,NA,Normal,113000
502,FV,75,7,0,866,866,902,1768,0,Attchd,2,603,108,NA,Normal,226700
503,RL,70,5,0,1214,1214,0,1214,0,Detchd,2,461,0,NA,Normal,140000
504,RL,100,7,0,1501,1801,0,1801,2,Attchd,2,484,54,NA,Normal,289000
505,RL,24,6,0,855,855,467,1322,1,Attchd,2,440,0,NA,Normal,147000
506,RM,60,5,360,960,960,1000,1960,0,Detchd,2,400,0,NA,Normal,124500
507,RL,80,8,125,777,1065,846,1911,1,Attchd,2,471,81,NA,Normal,215000
508,FV,75,6,0,1218,1218,0,1218,0,Attchd,2,676,102,NA,Partial,208300
509,RM,60,7,0,689,689,689,1378,1,Detchd,2,360,0,NA,Normal,161000
510,RL,80,5,132,1041,1041,0,1041,0,Attchd,1,270,88,NA,Normal,124500
511,RL,75,5,70,1008,1363,0,1363,2,CarPort,1,288,42,NA,Normal,164900
512,RL,40,7,94,1368,1368,0,1368,1,Attchd,2,474,35,NA,Partial,202665
513,RL,70,5,0,864,864,0,864,0,Detchd,2,624,0,NA,Normal,129900
514,RL,71,6,0,1084,1080,0,1080,0,Attchd,2,484,0,NA,Normal,134000
515,RL,55,5,0,768,789,0,789,0,Detchd,1,200,0,NA,Normal,96500
516,RL,94,10,305,2006,2020,0,2020,1,Attchd,3,900,54,NA,Partial,402861
517,RL,NA,6,333,689,1378,741,2119,1,Attchd,2,583,104,NA,Abnorml,158000
518,RL,79,7,921,1264,1277,1067,2344,1,Attchd,3,889,0,NA,Normal,265000
519,RL,NA,6,0,794,882,914,1796,0,Attchd,2,546,36,NA,Normal,211000
520,RL,53,7,0,1276,1276,804,2080,2,Detchd,1,282,0,NA,Normal,234000
521,RL,60,4,0,0,694,600,1294,0,NA,0,0,114,NA,Normal,106250
522,RL,90,6,0,1244,1244,0,1244,2,Attchd,1,336,40,NA,Normal,150000
523,RM,50,6,0,1004,1004,660,1664,2,Detchd,2,420,24,NA,Normal,159000
524,RL,130,10,762,3138,3138,1538,4676,1,BuiltIn,3,884,406,NA,Partial,184750
525,RL,95,7,594,1379,1383,1015,2398,1,Attchd,3,834,60,NA,Normal,315750
526,FV,62,7,0,1257,1266,0,1266,1,Attchd,2,453,144,NA,Normal,176000
527,RL,70,5,0,928,928,0,928,0,Attchd,1,252,0,NA,Normal,132000
528,RL,67,9,268,1452,1476,1237,2713,1,Attchd,3,858,66,NA,Partial,446261
529,RL,58,4,0,528,605,0,605,0,NA,0,0,0,NA,Normal,86000
530,RL,NA,6,NA,2035,2515,0,2515,2,Attchd,2,484,0,NA,Alloca,200624
531,RL,85,6,219,1461,1509,0,1509,1,Attchd,2,600,0,NA,Abnorml,175000
532,RM,60,6,0,611,751,611,1362,0,Detchd,2,502,0,NA,Normal,128000
533,RL,60,5,0,0,827,0,827,1,Detchd,1,392,0,NA,Normal,107500
534,RL,50,1,0,0,334,0,334,0,NA,0,0,0,NA,Normal,39300
535,RL,74,8,0,707,707,707,1414,1,Attchd,2,403,35,NA,Normal,178000
536,RL,70,5,0,1117,820,527,1347,0,NA,0,0,0,NA,Normal,107500
537,RL,57,7,0,880,880,844,1724,0,Attchd,2,527,155,NA,Normal,188000
538,RL,NA,4,0,864,864,0,864,0,Detchd,2,576,0,NA,Normal,111250
539,RL,NA,5,188,1051,1159,0,1159,1,Attchd,1,336,0,NA,Normal,158000
540,RL,NA,8,479,1581,1601,0,1601,1,Attchd,2,670,0,NA,Normal,272000
541,RL,85,9,584,1838,1838,0,1838,1,Attchd,3,765,68,NA,Normal,315000
542,RL,NA,8,72,969,997,1288,2285,1,BuiltIn,3,648,56,NA,Normal,248000
543,RL,78,7,0,1650,1680,0,1680,1,Attchd,2,583,73,NA,Normal,213250
544,RH,34,7,182,723,767,0,767,0,Attchd,1,367,40,NA,Normal,133000
545,RL,58,7,0,654,664,832,1496,1,Attchd,2,426,24,NA,Partial,179665
546,RL,NA,7,178,1204,1377,806,2183,0,Attchd,3,786,0,NA,Normal,229000
547,RL,70,6,0,1065,915,720,1635,1,Detchd,2,440,38,NA,Normal,210000
548,RL,54,5,0,768,768,0,768,0,Detchd,2,624,0,NA,Normal,129500
549,RM,49,5,0,825,825,0,825,0,Detchd,2,720,50,NA,Normal,125000
550,FV,75,7,0,912,912,1182,2094,1,BuiltIn,2,615,182,NA,Normal,263000
551,RL,53,6,0,1069,1069,0,1069,0,Attchd,2,440,55,NA,Abnorml,140000
552,RM,50,5,0,928,928,0,928,0,Attchd,1,288,0,NA,Normal,112500
553,RL,87,8,250,1709,1717,0,1717,1,Attchd,3,908,39,NA,Normal,255500
554,RL,67,4,0,0,1126,0,1126,0,Detchd,2,520,96,NA,Normal,108000
555,RL,85,7,292,998,1006,1040,2046,1,BuiltIn,3,871,62,NA,Normal,284000
556,RM,58,5,0,993,1048,0,1048,1,Detchd,1,280,0,NA,Normal,113000
557,RL,69,5,0,1092,1092,0,1092,1,Attchd,1,299,0,NA,Normal,141000
558,C (all),60,4,0,637,897,439,1336,0,CarPort,1,570,47,NA,Normal,108000
559,RL,57,7,0,729,729,717,1446,1,Attchd,2,406,22,NA,Normal,175000
560,RL,NA,7,18,1374,1557,0,1557,1,Attchd,2,420,20,NA,Normal,234000
561,RL,NA,5,180,1392,1392,0,1392,1,Detchd,2,528,0,NA,Normal,121500
562,RL,77,5,0,1389,1389,0,1389,1,Attchd,2,418,38,NA,Normal,170000
563,RL,63,5,0,996,996,0,996,1,NA,0,0,0,NA,Normal,108000
564,RL,66,6,0,1163,1163,511,1674,1,Detchd,2,396,36,NA,Normal,185000
565,RL,NA,7,0,1095,1166,1129,2295,1,Attchd,2,590,40,NA,Normal,268000
566,RL,66,6,0,806,841,806,1647,0,Detchd,1,216,66,NA,Normal,128000
567,RL,77,9,245,1122,1134,1370,2504,1,BuiltIn,3,656,39,NA,Normal,325000
568,RL,70,7,168,1517,1535,0,1535,0,Attchd,2,532,0,NA,Normal,214000
569,RL,79,8,0,1496,1496,636,2132,1,BuiltIn,2,612,40,NA,Normal,316600
570,RL,NA,5,0,943,943,0,943,2,Detchd,2,600,0,NA,Normal,135960
571,RL,74,5,108,1728,1728,0,1728,0,Detchd,2,576,0,NA,Normal,142600
572,RL,60,6,207,864,864,0,864,0,Attchd,1,288,0,NA,Abnorml,120000
573,RL,83,7,0,846,846,846,1692,0,Attchd,2,650,114,NA,Partial,224500
574,RL,76,7,0,384,774,656,1430,1,BuiltIn,2,400,0,NA,Normal,170000
575,RL,70,5,82,372,576,533,1109,0,BuiltIn,1,288,0,NA,Normal,139000
576,RL,80,5,0,832,832,384,1216,0,Detchd,1,336,0,NA,Abnorml,118500
577,RL,52,7,0,861,877,600,1477,1,Detchd,1,216,50,NA,Normal,145000
578,RL,96,5,97,1164,1320,0,1320,2,Attchd,2,564,68,NA,Abnorml,164500
579,FV,34,7,0,689,703,689,1392,0,Detchd,2,540,102,NA,Abnorml,146000
580,RM,81,5,335,1050,1050,745,1795,0,Attchd,1,352,0,NA,Normal,131500
581,RL,NA,6,85,1144,1429,0,1429,2,Attchd,2,572,110,NA,Normal,181900
582,RL,98,8,306,2042,2042,0,2042,1,Attchd,3,1390,90,NA,Partial,253293
583,RL,81,6,104,816,816,0,816,0,NA,0,0,32,NA,Normal,118500
584,RM,75,10,0,1237,1521,1254,2775,1,Detchd,2,880,502,NA,Normal,325000
585,RM,51,4,0,884,989,584,1573,0,Detchd,1,240,0,NA,Normal,133000
586,RL,88,8,208,1868,2028,0,2028,2,Attchd,3,880,66,NA,Partial,369900
587,RL,55,6,0,816,838,0,838,0,Detchd,1,275,0,NA,Normal,130000
588,RL,74,5,0,840,860,0,860,0,Detchd,2,528,0,NA,Normal,137000
589,RL,65,5,0,1437,1473,0,1473,2,Attchd,1,452,48,NA,Partial,143000
590,RM,50,5,0,742,779,0,935,0,Detchd,1,308,0,NA,Normal,79500
591,RL,64,7,0,770,770,812,1582,0,Attchd,2,520,45,NA,Normal,185900
592,RL,97,10,420,1722,1728,568,2296,1,BuiltIn,3,842,274,NA,Normal,451950
593,RL,60,5,0,816,816,0,816,0,Detchd,2,816,0,NA,Normal,138000
594,RM,NA,6,170,848,848,0,848,0,Attchd,2,420,0,NA,Normal,140000
595,RL,88,5,0,924,924,0,924,0,Detchd,1,280,0,NA,Normal,110000
596,RL,69,8,238,1814,1826,0,1826,1,Attchd,3,758,75,NA,Partial,319000
597,RM,60,6,0,684,684,684,1368,0,Detchd,1,216,158,NA,Normal,114504
598,RL,53,7,72,1258,1402,0,1402,1,Attchd,3,648,16,NA,Partial,194201
599,RL,80,5,459,1430,1647,0,1647,1,Attchd,2,621,0,NA,Normal,217500
600,RM,24,6,0,716,716,840,1556,1,Attchd,2,452,0,NA,Normal,151000
601,RL,74,8,280,1058,1058,846,1904,1,BuiltIn,2,736,60,NA,Normal,275000
602,RM,50,6,0,780,780,595,1375,1,Detchd,1,544,162,NA,Normal,141000
603,RL,80,8,0,908,927,988,1915,1,Attchd,2,506,150,NA,Abnorml,220000
604,FV,30,7,0,600,600,600,1200,0,Detchd,2,480,172,NA,Normal,151000
605,RL,88,7,99,1494,1494,0,1494,1,Attchd,2,530,36,NA,Normal,221000
606,RL,85,7,176,768,1186,800,1986,3,Attchd,2,486,42,NA,Normal,205000
607,RL,82,5,0,1040,1040,0,1040,0,Detchd,2,576,0,NA,Normal,152000
608,RL,78,5,0,896,1112,896,2008,0,Attchd,1,230,0,NA,Normal,225000
609,RL,78,8,0,965,1940,1254,3194,2,Basment,2,380,0,NA,Alloca,359100
610,RL,61,4,192,1029,1029,0,1029,0,Attchd,1,261,0,NA,Normal,118500
611,RL,NA,9,204,1440,1476,677,2153,2,Attchd,3,736,142,NA,Normal,313000
612,RL,NA,6,233,1032,1032,0,1032,1,Attchd,2,564,0,NA,Normal,148000
613,RL,NA,8,108,1299,1299,573,1872,1,BuiltIn,2,531,122,NA,Normal,261500
614,RL,70,5,0,1120,1120,0,1120,0,NA,0,0,30,NA,Partial,147000
615,RM,21,4,0,630,630,0,630,0,NA,0,0,24,NA,Normal,75500
616,RL,80,6,156,936,1054,0,1054,0,Attchd,2,480,0,NA,Abnorml,137500
617,RL,NA,6,0,783,807,702,1509,1,Attchd,2,393,75,NA,Normal,183200
618,RL,59,6,0,832,832,0,832,0,Detchd,2,528,0,NA,Normal,105500
619,RL,90,9,452,1822,1828,0,1828,1,Attchd,3,774,108,NA,Partial,314813
620,RL,85,8,226,1482,1482,780,2262,2,Attchd,3,749,0,NA,Normal,305000
621,RL,45,3,0,864,864,0,864,0,NA,0,0,0,NA,Normal,67000
622,RL,90,6,0,1522,1548,1066,2614,1,Attchd,2,624,243,NA,Normal,240000
623,RL,71,5,153,980,980,0,980,0,Detchd,2,484,0,NA,Normal,135000
624,FV,NA,6,513,756,756,756,1512,1,Detchd,2,440,32,NA,Normal,168500
625,RL,80,6,288,732,1012,778,1790,1,Attchd,2,484,0,NA,Normal,165150
626,RL,87,6,261,1116,1116,0,1116,0,Attchd,2,440,0,NA,Normal,160000
627,RL,NA,5,0,978,1422,0,1422,1,Attchd,1,286,0,NA,Normal,139900
628,RL,80,6,164,1156,1520,0,1520,2,Basment,1,364,0,NA,Normal,153000
629,RL,70,5,192,1040,1040,1040,2080,2,Attchd,2,504,0,NA,Family,135000
630,RL,82,6,259,1248,1350,0,1350,0,Attchd,2,520,0,NA,Normal,168500
631,RM,50,5,0,636,1089,661,1750,0,Detchd,1,240,0,NA,Abnorml,124000
632,RL,34,8,108,1554,1554,0,1554,1,Attchd,2,627,73,NA,Normal,209500
633,RL,85,7,209,1386,1411,0,1411,1,Attchd,2,544,0,NA,Family,82500
634,RL,80,5,0,1056,1056,0,1056,0,Attchd,1,260,0,NA,Normal,139400
635,RL,64,6,0,1056,1056,0,1056,0,Detchd,2,576,56,NA,Normal,144000
636,RH,60,6,0,1440,1440,1440,3395,0,NA,0,0,110,NA,Abnorml,200000
637,RM,51,2,0,264,800,0,800,1,NA,0,0,0,NA,Normal,60000
638,RM,50,5,0,811,811,576,1387,0,BuiltIn,1,256,0,NA,Normal,93000
639,RL,67,5,0,796,796,0,796,0,NA,0,0,0,NA,Normal,85000
640,RL,53,8,0,1520,1567,0,1567,1,Attchd,3,648,0,NA,Partial,264561
641,RL,62,8,472,1518,1518,0,1518,1,Attchd,2,588,140,NA,Normal,274000
642,FV,NA,7,0,1057,1057,872,1929,1,Attchd,2,650,235,NA,Normal,226000
643,RL,75,8,0,1952,2000,704,2704,3,Attchd,2,538,111,NA,Normal,345000
644,RL,80,5,263,780,780,840,1620,0,Attchd,2,462,0,NA,Normal,152000
645,FV,85,9,162,1766,1766,0,1766,1,Attchd,3,478,130,NA,Partial,370878
646,RL,NA,6,0,981,981,0,981,0,Detchd,2,576,312,NA,Normal,143250
647,RL,60,5,0,0,1048,0,1048,0,Detchd,2,420,27,NA,Normal,98300
648,RL,85,6,216,1094,1094,0,1094,2,Attchd,2,495,0,NA,Normal,155000
649,RL,70,6,351,756,1051,788,1839,1,Attchd,2,442,124,NA,Normal,155000
650,RM,21,4,0,630,630,0,630,0,NA,0,0,0,NA,Normal,84500
651,FV,65,7,NA,813,822,843,1665,0,Attchd,2,562,0,NA,Normal,205950
652,RL,60,4,0,755,755,755,1510,1,Detchd,1,296,0,NA,Normal,108000
653,RL,70,7,0,880,909,807,1716,1,Attchd,2,512,120,NA,Normal,191000
654,RM,60,6,0,756,756,713,1469,0,Detchd,1,216,0,NA,Normal,135000
655,RL,91,8,660,2109,2113,0,2113,1,Attchd,3,839,46,NA,Normal,350000
656,RM,21,6,381,525,525,567,1092,0,Detchd,1,264,0,NA,Family,88000
657,RL,72,5,54,1053,1053,0,1053,0,Attchd,1,312,0,NA,Normal,145500
658,RL,60,7,0,776,851,651,1502,1,Attchd,1,270,0,NA,Normal,149000
659,RL,78,6,0,912,912,546,1458,1,Attchd,1,330,0,NA,Abnorml,97500
660,RL,75,5,0,1486,1486,0,1486,0,Detchd,2,480,0,NA,Normal,167000
661,RL,NA,7,233,793,1142,793,1935,1,Attchd,2,550,113,NA,Normal,197900
662,RL,52,8,528,1629,1686,762,2448,1,Attchd,3,711,76,NA,Normal,402000
663,RL,120,6,216,1392,1392,0,1392,2,Attchd,2,576,0,NA,Normal,110000
664,RL,90,4,0,1138,1181,0,1181,0,Detchd,2,588,0,NA,Normal,137500
665,RL,49,8,0,2077,2097,0,2097,1,Attchd,3,1134,267,NA,Partial,423000
666,RL,106,8,40,1406,1454,482,1936,1,Attchd,2,504,124,NA,Normal,230500
667,RL,NA,6,113,1021,1465,915,2380,1,CarPort,2,596,265,NA,Abnorml,129000
668,RL,65,6,258,1408,1679,0,1679,1,Attchd,2,575,42,NA,Normal,193500
669,RL,NA,5,0,1188,1437,0,1437,1,Detchd,2,576,0,NA,Normal,168000
670,RL,80,4,0,700,1180,0,1180,1,Detchd,1,252,0,NA,Normal,137500
671,RL,64,6,0,738,738,738,1476,0,Attchd,2,540,35,NA,Normal,173500
672,RH,54,6,0,672,697,672,1369,0,Detchd,1,300,0,NA,Normal,103600
673,RL,NA,6,0,1208,1208,0,1208,1,Attchd,2,546,42,NA,Normal,165000
674,RL,110,6,106,1477,1839,0,1839,2,Attchd,2,416,87,NA,Normal,257500
675,RL,80,6,0,1136,1136,0,1136,1,Attchd,1,384,0,NA,Normal,140000
676,RL,24,6,0,855,855,586,1441,1,Attchd,2,440,0,NA,Normal,148500
677,RM,60,4,0,1095,1095,679,1774,0,2Types,3,779,0,NA,Normal,87000
678,RL,52,5,0,768,792,0,792,0,Detchd,1,240,0,NA,Normal,109500
679,RL,80,8,464,2046,2046,0,2046,1,Attchd,3,834,82,NA,Partial,372500
680,RL,NA,5,57,988,988,0,988,0,Detchd,2,572,0,NA,Normal,128500
681,RL,50,6,0,923,923,0,923,1,Attchd,1,264,0,NA,Normal,143000
682,RH,55,5,0,793,848,672,1520,0,Detchd,1,281,0,NA,Abnorml,159434
683,RL,NA,6,0,1291,1291,0,1291,1,Attchd,2,431,0,NA,Normal,173000
684,RL,90,9,215,1626,1668,0,1668,1,Attchd,3,702,45,NA,Normal,285000
685,RL,58,7,30,1195,1195,644,1839,0,Attchd,2,486,81,NA,Normal,221000
686,RL,NA,7,0,1190,1190,900,2090,1,Attchd,2,577,0,NA,Normal,207500
687,FV,84,7,0,874,874,887,1761,0,Attchd,2,578,105,NA,Partial,227875
688,FV,NA,7,0,551,551,551,1102,0,Detchd,2,480,60,NA,Normal,148800
689,RL,60,8,0,1419,1419,0,1419,1,Attchd,2,567,0,NA,Partial,392000
690,RL,61,6,256,1362,1362,0,1362,1,Attchd,2,460,28,NA,Normal,194700
691,RM,NA,6,147,848,848,0,848,1,Attchd,2,420,0,NA,Normal,141000
692,RL,104,10,1170,2444,2444,1872,4316,2,Attchd,3,832,50,NA,Normal,755000
693,RL,42,7,293,1210,1238,1281,2519,2,Attchd,2,628,27,NA,Normal,335000
694,RL,60,5,0,1073,1073,0,1073,0,Detchd,1,326,0,NA,Abnorml,108480
695,RM,51,5,0,927,1067,472,1539,0,Detchd,2,576,0,NA,Normal,141500
696,RL,54,6,72,1112,1137,0,1137,1,Attchd,2,551,0,NA,Normal,176000
697,RM,50,5,0,616,616,0,616,0,Detchd,1,205,0,NA,Normal,89000
698,RL,57,5,0,980,1148,0,1148,0,Detchd,1,308,0,NA,Normal,123500
699,RL,65,5,0,894,894,0,894,1,Detchd,1,336,144,NA,Normal,138500
700,FV,59,7,0,1391,1391,0,1391,0,Attchd,2,530,158,NA,Normal,196000
701,RL,85,8,630,1800,1800,0,1800,1,Attchd,3,765,78,NA,Normal,312500
702,RL,80,7,168,1164,1164,0,1164,0,Attchd,2,528,0,NA,Normal,140000
703,RL,82,8,466,1234,1264,1312,2576,1,BuiltIn,3,666,100,NA,Partial,361919
704,RM,76,5,0,360,1032,780,1812,1,Detchd,2,672,0,NA,Normal,140000
705,RL,70,7,109,1473,1484,0,1484,0,Attchd,2,606,35,NA,Normal,213000
706,RM,70,4,0,0,372,720,1092,0,NA,0,0,0,NA,Normal,55000
707,RL,NA,7,351,1643,1824,0,1824,2,Attchd,2,739,48,NA,Normal,302000
708,RL,48,8,176,1324,1324,0,1324,1,Attchd,2,550,38,NA,Normal,254000
709,RL,65,7,0,728,728,728,1456,1,Attchd,2,400,24,NA,Partial,179540
710,RL,NA,5,41,876,904,0,904,0,Attchd,1,408,0,NA,Abnorml,109900
711,RL,56,3,0,270,729,0,729,0,NA,0,0,0,NA,Normal,52000
712,C (all),66,4,0,859,859,319,1178,0,Detchd,1,384,0,NA,Abnorml,102776
713,RL,40,8,0,1228,1228,0,1228,1,Attchd,2,472,120,NA,Normal,189000
714,RL,60,4,160,960,960,0,960,0,Detchd,2,576,288,NA,Normal,129000
715,RL,NA,6,289,725,725,754,1479,0,Attchd,2,475,44,NA,Normal,130500
716,RL,78,6,174,1064,1350,0,1350,1,Attchd,2,478,0,NA,Normal,165000
717,RM,60,7,0,718,1576,978,2554,0,Detchd,2,704,48,NA,Normal,159500
718,RL,80,5,0,1176,1178,0,1178,1,Attchd,2,439,0,NA,Normal,157000
719,RL,96,7,651,1311,1325,1093,2418,1,Attchd,3,983,154,NA,Normal,341000
720,RL,69,5,0,971,971,0,971,1,Attchd,1,300,0,NA,Normal,128500
721,RL,NA,8,0,1742,1742,0,1742,1,Attchd,2,564,28,NA,Normal,275000
722,RM,NA,6,169,848,848,0,848,0,Attchd,2,420,0,NA,Normal,143000
723,RL,70,4,0,864,864,0,864,0,Detchd,2,463,0,NA,Normal,124500
724,RL,60,4,0,941,997,473,1470,0,Detchd,1,548,0,NA,Normal,135000
725,RL,86,9,340,1698,1698,0,1698,1,Attchd,3,768,64,NA,Normal,320000
726,RL,60,4,0,864,864,0,864,0,Detchd,2,660,0,NA,Normal,120500
727,RL,NA,6,260,880,1680,0,1680,1,Attchd,2,540,44,NA,Normal,222000
728,RL,64,7,82,1232,1232,0,1232,0,Attchd,2,632,0,NA,Normal,194500
729,RL,85,5,95,1584,1776,0,1776,0,Detchd,3,888,25,NA,Abnorml,110000
730,RM,52,4,0,780,848,0,1208,0,Detchd,2,539,23,NA,Normal,103000
731,RL,39,8,0,1595,1616,0,1616,1,Attchd,2,608,152,NA,Normal,236500
732,RL,73,7,442,868,1146,0,1146,1,Attchd,2,438,22,NA,Normal,187500
733,RL,75,7,202,1153,1153,878,2031,1,Attchd,2,541,84,NA,Normal,222500
734,RL,80,5,0,864,1144,0,1144,1,Attchd,1,264,0,NA,Normal,131400
735,RL,NA,5,0,948,948,0,948,0,Attchd,1,300,0,NA,Family,108000
736,RM,60,7,0,880,880,888,1768,2,Detchd,2,320,341,NA,Normal,163000
737,RL,60,3,0,0,1040,0,1040,0,Detchd,2,400,0,NA,Normal,93500
738,RL,72,8,0,893,901,900,1801,1,Attchd,3,800,116,NA,Normal,239900
739,RL,60,5,0,1200,1200,0,1200,0,NA,0,0,0,NA,Alloca,179000
740,RL,65,7,0,864,864,864,1728,0,Attchd,2,572,56,NA,Normal,190000
741,RM,60,5,0,264,768,664,1432,0,Detchd,2,360,0,NA,Abnorml,132000
742,RL,65,6,0,912,912,0,912,0,Detchd,1,288,0,NA,Normal,142000
743,RL,65,7,108,1349,1349,0,1349,0,Attchd,2,539,55,NA,Normal,179000
744,RL,70,5,0,520,1464,0,1464,1,Attchd,2,480,0,NA,Normal,175000
745,RL,41,8,0,1337,1337,0,1337,1,Attchd,2,462,0,NA,Normal,180000
746,RL,NA,8,289,1142,1175,1540,2715,2,BuiltIn,2,831,204,NA,Normal,299800
747,RL,NA,7,0,952,980,1276,2256,1,BuiltIn,2,554,54,NA,Normal,236000
748,RM,65,7,0,1240,1320,1320,2640,1,Detchd,4,864,0,NA,Normal,265979
749,RL,59,7,338,1720,1720,0,1720,1,Attchd,2,527,56,NA,Normal,260400
750,RL,50,4,0,0,1088,441,1529,0,Detchd,1,240,0,NA,Normal,98000
751,RM,55,4,0,576,792,348,1140,0,NA,0,0,160,NA,Normal,96500
752,RL,NA,7,0,660,660,660,1320,0,Attchd,2,400,48,NA,Normal,162000
753,RL,79,6,0,1479,1494,0,1494,0,Attchd,2,576,27,NA,Normal,217000
754,RL,80,8,178,1030,1038,1060,2098,1,Attchd,3,878,52,NA,Normal,275500
755,RL,61,6,0,1026,1026,0,1026,0,Detchd,2,440,48,NA,Normal,156000
756,FV,34,6,894,729,742,729,1471,0,Detchd,2,440,24,NA,Normal,172500
757,RL,68,8,0,866,866,902,1768,0,Attchd,2,578,105,NA,Normal,212000
758,RL,NA,6,328,672,672,714,1386,1,Attchd,2,440,0,NA,Abnorml,158900
759,FV,24,7,360,744,757,744,1501,0,Detchd,2,440,0,NA,Normal,179400
760,RL,65,8,513,1318,1328,1203,2531,1,Attchd,3,752,98,NA,Normal,290000
761,RL,70,6,0,864,864,0,864,0,Detchd,1,300,0,NA,Normal,127500
762,RM,60,5,0,1145,1301,0,1301,0,Detchd,2,440,0,NA,Normal,100000
763,FV,72,7,0,756,764,783,1547,0,Attchd,2,614,45,NA,Normal,215200
764,RL,82,8,673,1252,1268,1097,2365,1,Attchd,3,856,128,NA,Normal,337000
765,RL,30,8,0,1494,1494,0,1494,1,Attchd,2,481,30,NA,Normal,270000
766,RL,75,9,284,1498,1506,0,1506,1,Attchd,2,592,174,NA,Partial,264132
767,RL,80,7,42,980,980,734,1714,1,Attchd,2,496,66,NA,Normal,196500
768,RL,75,6,0,983,983,767,1750,0,Attchd,1,423,0,NA,Normal,160000
769,RL,70,7,0,1860,1836,0,1836,1,Attchd,2,484,33,NA,Normal,216837
770,RL,47,8,603,1650,1690,1589,3279,1,BuiltIn,3,841,36,NA,Normal,538000
771,RL,NA,5,0,858,858,0,858,0,Detchd,2,576,0,NA,Normal,134900
772,RL,67,4,0,836,1220,0,1220,0,Detchd,2,396,0,NA,Normal,102000
773,RL,94,6,0,1029,1117,0,1117,1,Detchd,2,672,0,NA,Abnorml,107000
774,RL,70,5,1,912,912,0,912,0,Attchd,1,275,0,NA,Normal,114500
775,RL,110,8,375,1935,1973,0,1973,1,Attchd,3,895,45,NA,Partial,395000
776,RM,32,6,320,1204,1204,0,1204,0,Attchd,2,412,247,NA,Normal,162000
777,RL,86,7,240,1614,1614,0,1614,0,Attchd,3,865,59,NA,Partial,221500
778,RL,100,5,0,864,894,0,894,1,Attchd,2,440,0,NA,Normal,142500
779,RH,60,5,320,0,2020,0,2020,2,Detchd,2,630,0,NA,Normal,144000
780,RL,78,6,90,975,1004,0,1004,0,Attchd,2,504,0,NA,Normal,135000
781,RL,63,7,38,1237,1253,0,1253,1,Attchd,2,402,21,NA,Normal,176000
782,RL,65,6,0,761,810,793,1603,0,Attchd,2,484,124,NA,Normal,175900
783,RL,67,7,0,1413,1430,0,1430,0,Attchd,2,605,33,NA,Normal,187100
784,RL,NA,5,104,1097,1110,0,1110,1,Attchd,2,602,30,NA,Normal,165500
785,RM,35,6,0,742,742,742,1484,1,NA,0,0,291,NA,Normal,128000
786,RL,NA,6,0,1372,1342,0,1342,1,Attchd,2,457,0,NA,Normal,161500
787,RM,60,5,0,686,966,686,1652,0,Detchd,1,416,0,NA,Normal,139000
788,RL,76,7,0,956,956,1128,2084,0,BuiltIn,2,618,45,NA,Normal,233000
789,RM,50,4,0,901,901,0,901,0,Detchd,1,281,0,NA,Normal,107900
790,RL,NA,6,157,832,976,1111,2087,0,Attchd,2,444,168,NA,Normal,187500
791,RL,43,7,11,1145,1145,0,1145,1,Attchd,2,397,16,NA,Normal,160200
792,RL,NA,6,0,1029,1062,0,1062,2,Attchd,2,539,0,NA,Normal,146800
793,RL,92,7,0,1117,1127,886,2013,1,Attchd,2,455,130,NA,Normal,269790
794,RL,76,8,140,1496,1496,0,1496,0,Attchd,2,474,130,NA,Partial,225000
795,RL,NA,7,0,712,1086,809,1895,1,Attchd,2,409,46,NA,Normal,194500
796,RL,70,6,130,650,888,676,1564,1,Attchd,2,476,50,NA,Normal,171000
797,RL,71,6,148,660,1285,0,1285,1,Attchd,2,528,0,NA,Normal,143500
798,RL,57,5,0,773,773,0,773,0,Attchd,1,240,0,NA,Abnorml,110000
799,RL,104,9,860,1926,1966,1174,3140,2,BuiltIn,3,820,78,NA,Partial,485000
800,RL,60,5,252,731,981,787,1768,2,Detchd,1,240,0,NA,Normal,175000
801,RL,79,6,0,616,616,1072,1688,0,Attchd,2,603,114,NA,Normal,200000
802,RM,40,4,0,1196,1196,0,1196,0,Detchd,2,440,0,NA,Normal,109900
803,RL,63,7,0,728,728,728,1456,1,Attchd,2,410,18,NA,Normal,189000
804,RL,107,9,424,1734,1734,1088,2822,1,BuiltIn,3,1020,170,NA,Partial,582933
805,RL,75,5,0,936,1128,0,1128,0,Attchd,1,286,0,NA,Family,118000
806,RL,91,7,256,1417,1428,0,1428,0,Attchd,2,554,60,NA,Partial,227680
807,RL,75,5,0,980,980,0,980,0,Attchd,1,384,0,NA,Normal,135500
808,RL,144,5,0,1324,1072,504,1576,1,Attchd,2,528,312,NA,Normal,223500
809,RL,85,5,1047,1024,1086,0,1086,1,Attchd,2,484,0,NA,Normal,159950
810,RM,90,5,0,849,1075,1063,2138,0,Detchd,2,360,156,NA,Normal,106000
811,RL,78,6,99,1040,1309,0,1309,1,Attchd,2,484,0,Fa,Normal,181000
812,RM,NA,6,169,848,848,0,848,1,Attchd,2,420,0,NA,Normal,144500
813,C (all),66,5,0,540,1044,0,1044,0,Basment,2,504,0,NA,Alloca,55993
814,RL,75,6,243,1442,1442,0,1442,0,Attchd,1,301,0,NA,Normal,157900
815,RL,45,5,0,686,686,564,1250,0,Detchd,1,280,0,NA,Normal,116000
816,RL,48,7,442,1649,1661,0,1661,0,Attchd,2,598,34,NA,Normal,224900
817,RL,NA,5,0,1008,1008,0,1008,1,Attchd,1,275,0,NA,Normal,137000
818,RL,NA,8,148,1568,1689,0,1689,2,Attchd,3,857,59,NA,Normal,271000
819,RL,80,6,80,1010,1052,0,1052,0,Attchd,2,440,0,NA,Normal,155000
820,RL,44,7,128,1358,1358,0,1358,1,Attchd,2,484,35,NA,Partial,224000
821,RL,72,7,0,798,798,842,1640,0,Attchd,2,595,45,NA,Normal,183000
822,RM,60,4,0,936,936,0,936,0,Detchd,2,576,32,NA,Normal,93000
823,RL,NA,7,0,847,847,886,1733,1,BuiltIn,2,433,48,NA,Family,225000
824,RL,60,6,0,778,944,545,1489,1,Detchd,1,240,0,NA,Normal,139500
825,FV,81,8,0,1489,1489,0,1489,1,Attchd,2,776,140,NA,Partial,232600
826,RL,114,10,816,2078,2084,0,2084,1,Attchd,3,1220,45,NA,Partial,385000
827,RM,50,5,0,784,784,0,784,0,NA,0,0,0,NA,Normal,109500
828,RL,65,7,0,1454,1434,0,1434,1,Attchd,2,527,39,NA,Normal,189000
829,RL,NA,5,0,1013,1160,966,2126,0,Attchd,2,538,0,NA,Abnorml,185000
830,FV,24,7,0,600,520,623,1223,0,Detchd,2,480,166,NA,Normal,147400
831,RL,80,6,387,1392,1392,0,1392,2,Attchd,2,458,0,NA,Normal,166000
832,FV,30,7,0,600,520,600,1200,0,Detchd,2,480,166,NA,Normal,151000
833,RL,44,7,223,941,941,888,1829,1,Attchd,2,613,39,NA,Normal,237000
834,RL,100,6,180,1516,1516,0,1516,0,Attchd,2,472,0,NA,Normal,167000
835,RL,75,5,136,1144,1144,0,1144,0,Attchd,2,456,0,NA,Normal,139950
836,RL,60,4,0,1067,1067,0,1067,0,Attchd,2,436,0,NA,Normal,128000
837,RM,90,5,0,1559,1559,0,1559,0,Detchd,2,812,116,NA,Normal,153500
838,RM,21,6,158,483,483,504,987,0,Detchd,1,264,0,NA,Normal,100000
839,RL,75,5,0,1099,1099,0,1099,0,Attchd,1,352,0,NA,Normal,144000
840,RL,70,5,0,768,768,432,1200,0,Detchd,1,240,0,NA,Normal,130500
841,RH,NA,6,0,672,810,672,1482,0,Detchd,1,400,0,NA,Normal,140000
842,RM,60,5,0,650,958,581,1539,1,Detchd,2,686,78,NA,Normal,157500
843,RL,82,6,183,1127,1165,0,1165,0,Attchd,2,490,129,NA,Normal,174900
844,RL,80,5,0,1800,1800,0,1800,0,NA,0,0,0,NA,Normal,141000
845,RM,100,5,0,876,876,540,1416,1,Detchd,3,720,0,NA,Normal,153900
846,RL,NA,5,0,1390,1701,0,1701,2,Basment,2,611,0,NA,Normal,171000
847,RL,75,7,137,740,1006,769,1775,1,Attchd,2,425,72,NA,Normal,213000
848,RL,36,5,0,864,864,0,864,1,Attchd,1,338,0,NA,Normal,133500
849,RL,75,6,0,907,1307,1051,2358,1,Detchd,2,360,40,NA,Normal,240000
850,RL,80,6,360,528,1094,761,1855,1,Attchd,2,512,100,NA,Normal,187000
851,RM,36,6,170,848,848,0,848,0,Attchd,2,420,0,NA,Normal,131500
852,RL,NA,8,40,1273,1456,0,1456,1,Attchd,2,400,20,NA,Normal,215000
853,RL,53,7,0,918,918,728,1646,2,Detchd,1,240,0,NA,Normal,164000
854,RL,NA,6,115,1127,1445,0,1445,1,Attchd,2,645,0,NA,Normal,158000
855,RL,102,5,0,1763,1779,0,1779,1,Attchd,2,454,418,NA,Abnorml,170000
856,RL,NA,5,0,1040,1040,0,1040,0,Detchd,1,260,104,NA,Normal,127000
857,RL,NA,6,0,940,1026,0,1026,0,Detchd,2,576,0,NA,Normal,147000
858,RL,65,6,0,702,702,779,1481,1,Attchd,2,343,36,NA,Normal,174000
859,RL,80,7,189,1090,1370,0,1370,1,Attchd,2,479,0,NA,Family,152000
860,RL,NA,6,220,1054,1512,1142,2654,1,Attchd,2,619,65,NA,Normal,250000
861,RL,55,7,0,912,912,514,1426,1,Detchd,1,216,240,NA,Normal,189950
862,RL,75,5,0,1039,1039,0,1039,0,Attchd,2,504,0,NA,Normal,131500
863,RL,81,6,0,1040,1097,0,1097,0,Attchd,2,480,0,NA,Normal,152000
864,RL,70,5,0,1148,1148,0,1148,0,Attchd,1,672,0,NA,Normal,132500
865,FV,72,7,0,1372,1372,0,1372,0,Attchd,2,529,140,NA,Partial,250580
866,RL,NA,5,76,1002,1002,0,1002,0,Detchd,2,902,0,NA,Normal,148500
867,RL,67,8,274,1638,1646,0,1646,1,Attchd,3,870,80,NA,Partial,248900
868,RL,85,4,0,1040,1120,0,1120,0,Attchd,2,544,0,NA,Normal,129000
869,RL,NA,5,0,0,1547,720,2320,1,Attchd,2,672,144,NA,Normal,169000
870,RL,80,7,246,1050,1062,887,1949,1,Attchd,2,574,90,NA,Normal,236000
871,RL,60,5,0,894,894,0,894,0,Detchd,1,308,0,NA,Normal,109500
872,RL,70,6,116,804,804,878,1682,0,Attchd,2,523,77,NA,Normal,200500
873,RL,74,5,0,105,910,0,910,0,Attchd,2,414,0,NA,Normal,116000
874,RL,60,5,0,832,1036,0,1268,1,Attchd,1,288,28,NA,Normal,133000
875,RM,52,5,0,676,676,455,1131,0,Detchd,1,200,0,NA,Abnorml,66500
876,FV,75,8,0,1184,1184,1426,2610,1,BuiltIn,2,550,364,NA,Partial,303477
877,RL,94,4,0,1064,1040,0,1040,0,Attchd,2,648,0,NA,Normal,132250
878,RL,74,9,216,1462,1462,762,2224,1,Attchd,3,738,0,NA,Normal,350000
879,RL,88,5,0,1109,1155,0,1155,0,Detchd,2,576,0,NA,Normal,148000
880,RL,NA,5,90,864,864,0,864,0,Attchd,1,336,0,NA,Normal,136500
881,RL,60,5,0,1090,1090,0,1090,0,Attchd,2,450,49,NA,Normal,157000
882,RL,44,7,117,1156,1187,530,1717,1,Attchd,2,400,36,NA,Normal,187500
883,RL,NA,6,0,808,808,785,1593,1,BuiltIn,2,389,40,NA,Normal,178000
884,RL,60,4,0,795,954,795,2230,0,Detchd,1,440,188,NA,Normal,118500
885,RL,65,5,60,892,892,0,892,0,Attchd,1,288,0,NA,Normal,100000
886,FV,50,9,60,1698,1709,0,1709,1,Attchd,2,506,65,NA,Abnorml,328900
887,RL,70,5,122,1626,1712,0,1712,0,Attchd,2,588,54,NA,Family,145000
888,RL,59,5,0,816,872,521,1393,0,Attchd,1,300,0,NA,Normal,135500
889,RL,95,8,0,2217,2217,0,2217,1,Attchd,2,621,207,NA,Normal,268000
890,RL,128,6,90,1505,1505,0,1505,1,Attchd,2,505,0,NA,Normal,149500
891,RL,60,5,0,672,672,252,924,1,Detchd,2,576,0,NA,Normal,122900
892,RL,70,6,92,918,918,765,1683,1,Attchd,2,440,0,NA,Normal,172500
893,RL,70,6,0,1059,1068,0,1068,0,Attchd,1,264,0,NA,Normal,154500
894,RL,NA,5,0,1383,1383,0,1383,1,Attchd,1,354,116,NA,Normal,165000
895,RL,64,5,0,0,1535,0,1535,0,Attchd,2,400,0,NA,Alloca,118858
896,RL,71,6,415,780,983,813,1796,1,Attchd,2,483,50,NA,Normal,140000
897,RM,50,4,0,951,951,0,951,0,Detchd,1,327,28,NA,Abnorml,106500
898,RL,64,5,0,0,1120,1120,2240,0,Detchd,2,528,0,NA,Alloca,142953
899,RL,100,9,760,2330,2364,0,2364,2,Attchd,3,820,67,NA,Partial,611657
900,RL,65,5,0,912,1236,0,1236,1,Attchd,1,288,0,NA,Normal,135000
901,RL,NA,4,0,858,858,0,858,0,Detchd,1,684,0,NA,Normal,110000
902,RL,64,5,0,992,1306,0,1306,0,Detchd,1,756,0,NA,Normal,153000
903,RL,63,7,0,783,807,702,1509,1,Attchd,2,393,75,NA,Normal,180000
904,RL,50,7,27,1670,1670,0,1670,1,Attchd,3,690,60,NA,Partial,240000
905,RL,NA,5,75,876,902,0,902,0,Attchd,1,288,0,NA,Normal,125500
906,RL,80,5,110,1056,1063,0,1063,0,Attchd,1,280,0,NA,Normal,128000
907,RL,116,8,208,1623,1636,0,1636,1,Attchd,3,865,60,NA,Normal,255000
908,RL,86,7,0,1017,1020,1037,2057,1,Attchd,1,180,0,NA,Normal,250000
909,RL,NA,5,0,864,902,0,902,0,Attchd,2,484,0,NA,Normal,131000
910,RL,149,6,0,742,742,742,1484,1,Attchd,2,390,24,NA,Normal,174000
911,RL,80,5,361,1105,1105,1169,2274,0,Detchd,2,480,0,NA,Normal,154300
912,RL,NA,5,0,1268,1268,0,1268,0,Detchd,1,252,0,NA,Normal,143500
913,RM,51,5,0,768,1015,0,1015,0,Detchd,1,450,0,NA,Abnorml,88000
914,RH,82,5,0,1001,1001,1001,2002,0,2Types,3,871,0,NA,Normal,145000
915,FV,30,6,76,612,612,612,1224,0,Detchd,2,528,234,NA,Partial,173733
916,RM,21,4,80,546,546,546,1092,0,Attchd,1,286,0,NA,Normal,75000
917,C (all),50,2,0,480,480,0,480,0,Detchd,1,308,0,NA,Abnorml,35311
918,RL,NA,4,0,1134,1229,0,1229,0,Attchd,1,284,0,NA,Normal,135000
919,RL,103,7,0,1104,912,1215,2127,1,Attchd,3,833,192,NA,Normal,238000
920,RL,87,6,0,1184,1414,0,1414,1,Attchd,2,601,51,NA,Normal,176500
921,RL,70,6,105,928,936,785,1721,0,Attchd,2,471,87,NA,Normal,201000
922,RL,67,5,0,1272,1272,928,2200,0,NA,0,0,70,NA,Normal,145900
923,RL,65,6,0,1316,1316,0,1316,1,Attchd,2,397,0,NA,Partial,169990
924,RL,50,6,0,1604,1617,0,1617,1,Attchd,2,533,69,NA,Normal,193000
925,RL,79,6,157,1686,1686,0,1686,1,Attchd,2,612,131,NA,Normal,207500
926,RL,NA,5,0,1126,1126,0,1126,0,Attchd,2,540,0,NA,Abnorml,175000
927,RL,93,8,340,1181,1234,1140,2374,1,BuiltIn,3,656,100,NA,Normal,285000
928,RL,NA,7,342,832,1098,880,1978,1,Attchd,2,486,43,NA,Normal,176000
929,RL,NA,8,0,1753,1788,0,1788,1,Attchd,2,522,151,NA,Normal,236500
930,RL,NA,7,285,964,993,1243,2236,1,BuiltIn,2,642,0,NA,Normal,222000
931,RL,73,8,0,1466,1466,0,1466,0,Attchd,3,610,18,NA,Normal,201000
932,RL,70,5,0,925,925,0,925,0,Detchd,1,429,0,NA,Normal,117500
933,RL,84,9,302,1905,1905,0,1905,1,Attchd,3,788,191,NA,Normal,320000
934,RL,63,7,210,1500,1500,0,1500,0,Attchd,2,570,36,NA,Normal,190000
935,RL,313,7,0,585,2069,0,2069,1,Attchd,2,505,0,NA,Normal,242000
936,RL,52,4,108,600,747,0,747,0,Detchd,2,528,0,NA,Normal,79900
937,RL,67,7,NA,1176,1200,0,1200,0,Attchd,2,555,41,NA,Normal,184900
938,RL,75,7,0,1113,1113,858,1971,1,Attchd,2,689,48,NA,Normal,253000
939,RL,73,7,0,1391,1391,571,1962,0,Attchd,3,868,90,NA,Partial,239799
940,RL,NA,7,0,1032,1207,1196,2403,2,Attchd,1,349,0,NA,Normal,244400
941,RL,55,6,0,1728,1728,0,1728,0,Attchd,2,574,0,NA,Normal,150900
942,RL,NA,7,298,992,1022,1038,2060,1,BuiltIn,2,390,0,NA,Normal,214000
943,RL,42,4,0,1440,1440,0,1440,0,NA,0,0,0,NA,Abnorml,150000
944,RL,100,5,0,1632,1632,0,1632,0,Attchd,2,576,0,NA,Normal,143000
945,RL,NA,6,541,819,1344,0,1344,1,Basment,2,525,118,NA,Abnorml,137500
946,RM,98,5,0,1088,1188,561,1869,0,Detchd,2,456,0,NA,Normal,124900
947,RL,70,5,128,1144,1144,0,1144,1,Attchd,1,796,0,NA,Normal,143000
948,RL,85,8,236,1616,1629,0,1629,1,Attchd,3,808,252,NA,Normal,270000
949,RL,65,7,144,936,936,840,1776,1,Attchd,2,474,96,NA,Normal,192500
950,RL,78,6,0,1161,1381,0,1381,1,Attchd,2,676,0,NA,Normal,197500
951,RL,60,5,0,864,864,0,864,0,Detchd,2,720,0,NA,Normal,129000
952,RH,60,5,0,828,965,0,965,0,Detchd,1,300,0,NA,Abnorml,119900
953,RL,60,5,0,768,768,0,768,0,Detchd,1,396,0,NA,Normal,133900
954,RL,NA,5,232,784,1168,800,1968,1,Attchd,2,530,189,NA,Normal,172000
955,RL,35,6,250,945,980,0,980,0,NA,0,0,0,NA,AdjLand,127500
956,RH,82,6,423,979,979,979,1958,0,Attchd,2,492,0,NA,Normal,145000
957,RM,24,6,0,561,561,668,1229,1,Attchd,2,462,0,NA,Normal,124000
958,RL,70,5,0,1057,1057,0,1057,0,Detchd,2,576,0,NA,Normal,132000
959,RL,65,7,0,1337,1337,0,1337,0,Attchd,2,531,39,NA,Normal,185000
960,FV,24,7,0,696,696,720,1416,0,Detchd,2,484,44,NA,Normal,155000
961,RL,50,5,0,858,858,0,858,0,NA,0,0,0,NA,Normal,116500
962,RL,NA,6,424,1330,1542,1330,2872,1,Attchd,2,619,282,NA,Normal,272000
963,RL,24,6,0,804,804,744,1548,1,Detchd,2,440,0,NA,Normal,155000
964,RL,122,9,0,1800,1800,0,1800,0,Attchd,2,702,136,NA,Normal,239000
965,RL,80,7,44,817,824,1070,1894,1,BuiltIn,2,510,40,NA,Normal,214900
966,RL,65,6,0,783,783,701,1484,1,Attchd,2,393,72,NA,Partial,178900
967,RL,130,5,0,728,976,332,1308,2,Detchd,1,256,70,NA,Normal,160000
968,RL,NA,5,151,1098,1098,0,1098,0,Attchd,1,260,0,NA,Normal,135000
969,RM,50,3,0,600,600,368,968,0,NA,0,0,0,NA,Abnorml,37900
970,RL,75,6,105,588,1095,0,1095,0,Attchd,1,264,0,NA,Normal,140000
971,RL,60,4,0,720,720,472,1192,0,NA,0,0,0,NA,Abnorml,135000
972,RL,36,7,106,764,764,862,1626,0,BuiltIn,2,474,27,NA,Normal,173000
973,RL,55,6,0,918,918,0,918,1,Attchd,1,264,0,NA,Normal,99500
974,FV,95,7,NA,1428,1428,0,1428,0,Attchd,2,480,120,NA,Partial,182000
975,RL,60,7,0,728,1136,883,2019,0,Detchd,2,532,135,NA,Normal,167500
976,FV,NA,7,0,673,673,709,1382,0,Detchd,2,490,50,NA,Normal,165000
977,RL,51,4,0,440,869,0,869,0,NA,0,0,0,NA,Normal,85500
978,FV,35,7,NA,1241,1241,0,1241,0,Attchd,2,569,116,NA,Partial,199900
979,RL,68,4,0,894,894,0,894,0,Detchd,2,400,0,NA,Abnorml,110000
980,RL,80,5,0,1121,1121,0,1121,0,Detchd,2,480,80,NA,Normal,139000
981,RL,NA,7,210,944,999,0,999,0,Attchd,2,588,76,NA,Normal,178400
982,RL,98,8,975,1225,1276,1336,2612,1,Attchd,3,676,0,NA,Normal,336000
983,RL,43,7,16,1266,1266,0,1266,1,Attchd,2,388,16,NA,Normal,159895
984,RL,NA,8,0,1128,1149,1141,2290,1,Attchd,2,779,0,NA,Normal,255900
985,RL,75,5,0,0,1302,432,1734,0,Attchd,2,539,0,NA,Normal,126000
986,RL,68,5,0,1164,1164,0,1164,0,Detchd,1,240,48,NA,Normal,125000
987,RM,59,6,0,485,1001,634,1635,0,Attchd,1,255,0,NA,Normal,117000
988,RL,83,9,450,1930,1940,0,1940,1,Attchd,3,606,95,NA,Partial,395192
989,RL,NA,6,298,848,1118,912,2030,1,Attchd,2,551,224,NA,Normal,195000
990,FV,65,7,0,770,778,798,1576,0,Attchd,2,614,50,NA,Partial,197000
991,RL,82,8,423,1396,1407,985,2392,1,Attchd,3,870,70,NA,Normal,348000
992,RM,121,8,0,916,916,826,1742,1,Attchd,2,424,169,NA,Normal,168000
993,RL,80,6,340,822,1020,831,1851,1,Attchd,2,440,42,NA,Normal,187000
994,RL,68,6,0,750,750,750,1500,0,Attchd,2,564,35,NA,Partial,173900
995,RL,96,10,230,1700,1718,0,1718,1,Attchd,3,786,48,NA,Normal,337500
996,RL,51,4,0,747,774,456,1230,0,Detchd,1,305,57,NA,Abnorml,121600
997,RL,NA,5,0,1050,1050,0,1050,0,Attchd,1,368,319,NA,Normal,136500
998,RL,NA,6,571,1442,1442,0,1442,1,Attchd,2,615,0,NA,Normal,185000
999,RM,60,3,0,1007,1077,0,1077,1,Detchd,1,210,100,NA,Normal,91000
1000,RL,64,7,24,1187,1208,0,1208,0,Attchd,2,632,61,NA,Normal,206000
1001,RL,74,3,0,0,944,0,944,0,Detchd,2,528,0,NA,Normal,82000
1002,RL,60,5,0,691,691,0,691,0,Detchd,1,216,20,NA,Abnorml,86000
1003,RL,75,8,53,1574,1574,0,1574,1,Attchd,3,824,104,NA,Normal,232000
1004,RL,NA,5,164,1680,1680,0,1680,0,Detchd,2,528,0,NA,Normal,136905
1005,RL,43,7,16,1346,1504,0,1504,1,Attchd,2,457,0,NA,Normal,181000
1006,RL,65,5,220,985,985,0,985,0,Attchd,1,328,0,NA,Normal,149900
1007,RL,NA,6,0,1657,1657,0,1657,1,Attchd,2,484,0,NA,Normal,163500
1008,RM,21,4,0,546,546,546,1092,0,Attchd,1,286,0,NA,Normal,88000
1009,RL,43,7,108,1710,1710,0,1710,1,Attchd,2,550,48,NA,Normal,240000
1010,RL,60,5,0,1008,1008,0,1522,0,NA,0,0,0,NA,Normal,102000
1011,RL,115,5,0,720,720,551,1271,1,Attchd,1,312,0,NA,Normal,135000
1012,RL,75,5,0,0,1664,0,1664,0,NA,0,0,0,NA,Normal,100000
1013,RL,55,6,0,602,900,602,1502,2,Detchd,1,180,0,NA,Normal,165000
1014,RM,60,5,0,1022,1022,0,1022,0,Detchd,1,280,30,NA,Normal,85000
1015,RL,60,6,206,1082,1082,0,1082,1,Detchd,1,240,130,NA,Normal,119200
1016,RL,70,8,0,810,810,855,1665,0,Attchd,2,528,45,NA,Normal,227000
1017,RL,73,7,196,1504,1504,0,1504,1,Attchd,2,478,66,NA,Normal,203000
1018,RL,NA,8,0,1220,1360,0,1360,1,Attchd,2,565,0,NA,Abnorml,187500
1019,RL,NA,7,76,384,802,670,1472,1,Attchd,2,402,0,NA,Normal,160000
1020,RL,43,7,145,1362,1506,0,1506,1,Attchd,2,440,20,NA,Normal,213490
1021,RL,60,4,0,1132,1132,0,1132,0,Attchd,2,451,64,NA,Normal,176000
1022,RL,64,7,84,1199,1220,0,1220,0,Attchd,2,632,54,NA,Partial,194000
1023,RM,52,5,0,912,912,336,1248,0,Detchd,1,160,0,NA,Normal,87000
1024,RL,43,7,14,1346,1504,0,1504,1,Attchd,2,437,20,NA,Normal,191000
1025,RL,NA,8,0,1565,2898,0,2898,1,Attchd,2,665,72,NA,Abnorml,287000
1026,RL,70,5,0,882,882,0,882,0,Detchd,2,461,0,NA,Normal,112500
1027,RL,73,5,324,1268,1264,0,1264,2,Attchd,2,461,0,NA,Normal,167500
1028,RL,71,8,338,1638,1646,0,1646,1,Attchd,3,800,44,NA,Partial,293077
1029,RL,79,5,0,768,968,408,1376,1,Attchd,1,240,0,NA,Normal,105000
1030,RM,21,6,281,672,672,546,1218,0,Detchd,1,264,28,NA,Normal,118000
1031,RH,NA,5,0,686,948,980,1928,0,NA,0,0,0,NA,Normal,160000
1032,RL,102,7,0,824,1687,998,3082,2,Basment,2,672,63,NA,Normal,197000
1033,RL,NA,8,0,1338,1352,1168,2520,1,Attchd,3,796,55,NA,Abnorml,310000
1034,RL,NA,7,295,1654,1654,0,1654,0,Attchd,3,900,136,NA,Normal,230000
1035,RL,50,5,0,920,954,0,954,1,Basment,1,240,0,NA,Normal,119750
1036,RL,NA,4,0,0,845,0,845,0,Detchd,1,290,0,NA,Normal,84000
1037,RL,89,9,70,1620,1620,0,1620,1,Attchd,3,912,0,NA,Normal,315500
1038,RL,NA,8,396,1055,1055,1208,2263,1,BuiltIn,2,905,45,NA,Normal,287000
1039,RM,21,4,0,546,798,546,1344,1,NA,0,0,0,NA,Normal,97000
1040,RM,21,4,0,630,630,0,630,0,Attchd,1,286,0,NA,Normal,80000
1041,RL,88,5,67,1134,1803,0,1803,1,Attchd,2,484,0,NA,Normal,155000
1042,RL,NA,6,252,800,800,832,1632,0,Attchd,2,484,40,NA,Normal,173000
1043,RL,34,6,135,1306,1306,0,1306,1,Attchd,2,624,63,NA,Normal,196000
1044,RL,86,7,99,1475,1532,797,2329,1,Attchd,2,514,121,NA,Normal,262280
1045,RL,80,8,0,2524,2524,0,2524,1,Attchd,2,542,120,NA,Normal,278000
1046,RL,NA,3,0,0,1733,0,1733,1,Attchd,2,452,0,NA,Normal,139600
1047,RL,85,9,208,1992,1992,876,2868,1,BuiltIn,3,716,108,NA,Partial,556581
1048,RL,57,5,0,990,990,0,990,0,Detchd,2,672,0,NA,Normal,145000
1049,RL,100,5,75,0,1771,0,1771,1,Attchd,2,336,0,NA,Normal,115000
1050,RL,60,4,0,0,930,0,930,0,Detchd,1,308,0,NA,Abnorml,84900
1051,RL,73,7,0,1302,1302,0,1302,0,Attchd,2,436,22,NA,Partial,176485
1052,RL,103,7,0,1316,1316,0,1316,1,Attchd,2,440,20,NA,Partial,200141
1053,RL,100,6,272,816,1127,850,1977,1,Attchd,2,540,52,NA,Normal,165000
1054,RL,68,5,145,1216,1526,0,1526,1,Basment,1,364,78,NA,Normal,144500
1055,RL,90,8,210,1065,1091,898,1989,1,Attchd,2,586,60,NA,Normal,255000
1056,RL,104,6,160,1193,1523,0,1523,1,Attchd,2,478,0,NA,Abnorml,180000
1057,RL,43,7,240,1364,1364,0,1364,1,Attchd,2,484,36,NA,Normal,185850
1058,RL,NA,7,0,973,979,871,1850,1,BuiltIn,2,467,98,NA,Normal,248000
1059,RL,96,9,154,1104,1130,1054,2184,1,Attchd,3,836,102,NA,Normal,335000
1060,RL,NA,6,480,854,1096,895,1991,1,Detchd,2,432,0,NA,Normal,220000
1061,RL,41,8,0,1338,1338,0,1338,0,Attchd,2,582,0,NA,Normal,213500
1062,C (all),120,3,0,894,894,0,894,0,Detchd,3,1248,20,NA,Normal,81000
1063,RM,85,5,0,662,1422,915,2337,0,Detchd,2,560,57,NA,Normal,90000
1064,RM,50,6,0,1103,1103,0,1103,1,Detchd,2,440,120,NA,Normal,110500
1065,RL,NA,5,200,1154,1154,0,1154,1,Attchd,2,480,58,NA,Normal,154000
1066,RL,80,7,0,1306,1306,954,2260,0,Attchd,2,533,44,NA,Normal,328000
1067,RL,59,6,0,799,799,772,1571,1,Attchd,2,380,40,NA,Normal,178000
1068,RL,80,6,360,780,798,813,1611,0,Attchd,2,442,128,NA,Normal,167900
1069,RM,42,6,0,942,1291,1230,2521,1,Attchd,2,576,20,NA,Normal,151400
1070,RL,60,5,0,845,893,0,893,0,Detchd,2,576,0,NA,Normal,135000
1071,RL,72,5,120,1048,1048,0,1048,0,Attchd,1,286,20,NA,Normal,135000
1072,RL,78,6,0,727,829,727,1556,0,Attchd,2,441,0,NA,Normal,154000
1073,RL,50,5,0,810,1002,454,1456,1,Detchd,1,280,0,NA,Normal,91500
1074,RL,75,6,140,690,698,728,1426,0,Attchd,2,440,0,NA,Normal,159500
1075,RL,74,7,0,1240,1240,0,1240,0,Attchd,3,826,93,NA,Normal,194000
1076,RL,75,7,0,800,960,780,1740,2,Attchd,1,240,0,NA,Normal,219500
1077,RL,60,5,0,796,1096,370,1466,1,Attchd,2,566,21,NA,Normal,170000
1078,RL,NA,5,0,1096,1096,0,1096,0,Attchd,1,299,32,NA,Abnorml,138800
1079,RM,37,6,169,848,848,0,848,1,Attchd,2,420,0,NA,Normal,155900
1080,RL,65,5,0,990,990,0,990,0,Attchd,1,299,64,NA,Normal,126000
1081,RL,80,6,144,1258,1258,0,1258,0,Attchd,2,528,0,NA,Abnorml,145000
1082,RL,75,5,0,1040,1040,0,1040,0,Attchd,1,308,0,NA,Normal,133000
1083,RL,70,7,100,1459,1459,0,1459,1,Attchd,2,527,39,NA,Normal,192000
1084,RL,80,6,425,1251,1251,0,1251,2,Attchd,1,461,116,NA,Normal,160000
1085,RL,NA,6,0,691,691,807,1498,1,Attchd,2,409,44,NA,Normal,187500
1086,RL,73,6,0,936,996,0,996,0,Attchd,2,564,0,NA,Normal,147000
1087,RM,NA,4,0,546,546,546,1092,0,Attchd,1,286,96,NA,Normal,83500
1088,FV,85,8,0,1082,1082,871,1953,1,Attchd,3,1043,50,NA,Normal,252000
1089,RM,24,7,50,970,970,739,1709,0,Detchd,2,380,40,NA,Normal,137500
1090,FV,37,8,0,1247,1247,0,1247,1,Attchd,2,550,84,NA,Normal,197000
1091,RL,60,3,0,0,1040,0,1040,0,Detchd,2,400,0,NA,Normal,92900
1092,FV,24,7,212,600,624,628,1252,0,Detchd,2,462,48,NA,Normal,160000
1093,RL,60,6,0,1181,1390,304,1694,1,Detchd,2,576,0,NA,Normal,136500
1094,RL,71,5,166,864,1200,0,1200,0,Detchd,2,884,64,NA,Normal,146000
1095,RL,74,5,0,936,936,0,936,0,Attchd,1,308,0,NA,Normal,129000
1096,RL,78,6,0,1314,1314,0,1314,1,Attchd,2,440,22,NA,Normal,176432
1097,RM,60,6,0,684,773,582,1355,0,NA,0,0,0,NA,Normal,127000
1098,RL,NA,8,0,1074,1088,0,1088,0,Attchd,2,461,74,NA,Normal,170000
1099,RM,50,4,0,672,757,567,1324,0,Detchd,1,240,0,NA,Normal,128000
1100,RL,82,7,206,1271,1601,0,1601,1,Attchd,2,478,0,NA,Abnorml,157000
1101,RL,60,2,0,290,438,0,438,0,Detchd,1,246,0,NA,Normal,60000
1102,RL,61,5,0,950,950,0,950,0,Detchd,1,280,0,NA,Normal,119500
1103,RL,70,5,45,1010,1134,0,1134,0,Attchd,1,254,16,NA,Family,135000
1104,RL,79,6,0,655,1194,0,1194,1,BuiltIn,2,539,0,NA,Normal,159500
1105,RM,24,5,304,630,630,672,1302,0,Detchd,2,440,0,NA,Normal,106000
1106,RL,98,8,362,1463,1500,1122,2622,2,Attchd,2,712,32,NA,Normal,325000
1107,RL,114,7,0,910,1442,0,1442,1,Attchd,2,719,244,NA,Normal,179900
1108,RL,168,7,0,868,887,1134,2021,1,BuiltIn,2,422,100,NA,Partial,274725
1109,RL,NA,6,0,924,948,742,1690,1,Attchd,2,463,48,NA,Abnorml,181000
1110,RL,107,8,42,1836,1836,0,1836,1,Attchd,3,862,185,NA,Normal,280000
1111,RL,NA,6,0,773,773,885,1658,1,Attchd,2,431,84,NA,Normal,188000
1112,RL,80,7,660,803,1098,866,1964,1,Attchd,2,483,69,NA,Normal,205000
1113,RL,73,5,0,816,816,0,816,0,Detchd,1,308,0,NA,Normal,129900
1114,RL,66,5,0,1008,1008,0,1008,0,Attchd,1,240,18,NA,Normal,134500
1115,RL,90,5,0,833,833,0,833,0,Detchd,1,326,0,NA,Normal,117000
1116,RL,93,8,328,1734,1734,0,1734,1,Attchd,3,928,0,NA,Partial,318000
1117,RL,NA,8,0,408,779,640,1419,1,BuiltIn,2,527,0,NA,Normal,184100
1118,RL,57,5,0,894,894,0,894,0,Attchd,2,450,0,NA,Normal,130000
1119,RL,85,5,0,533,1021,580,1601,0,BuiltIn,1,300,34,NA,Normal,140000
1120,RL,70,5,0,1040,1040,0,1040,0,Attchd,1,286,0,NA,Normal,133700
1121,RM,59,6,0,1012,1012,0,1012,1,Detchd,1,308,22,NA,Normal,118400
1122,RL,84,7,196,1552,1552,0,1552,0,Attchd,3,782,20,NA,Partial,212900
1123,RL,NA,4,0,672,960,0,960,0,Basment,1,288,0,NA,Abnorml,112000
1124,RL,50,5,0,698,698,0,698,0,NA,0,0,200,NA,Normal,118000
1125,RL,NA,7,170,384,812,670,1482,1,Attchd,2,392,25,NA,Normal,163900
1126,RL,60,4,0,1005,1005,0,1005,1,Detchd,2,672,0,NA,Normal,115000
1127,RL,53,7,130,1373,1555,0,1555,1,Attchd,3,660,20,NA,Normal,174000
1128,RL,182,7,0,1530,1530,0,1530,1,Attchd,3,630,36,NA,Family,259000
1129,RL,59,7,0,847,847,1112,1959,1,BuiltIn,2,434,48,NA,Normal,215000
1130,RM,60,5,180,936,936,0,936,0,Detchd,2,672,0,NA,Normal,140000
1131,RL,65,4,0,1122,1328,653,1981,2,Detchd,2,576,44,NA,Normal,135000
1132,RL,63,5,0,974,974,0,974,0,NA,0,0,28,NA,Abnorml,93500
1133,RM,90,6,0,1008,1178,1032,2210,0,Detchd,1,205,48,NA,Normal,117500
1134,RL,80,8,0,1128,1142,878,2020,1,Attchd,2,466,155,NA,Normal,239500
1135,RL,57,6,0,916,916,684,1600,1,Attchd,2,460,38,NA,Normal,169000
1136,RM,60,6,0,960,986,0,986,1,Detchd,1,180,128,NA,Normal,102000
1137,RL,80,6,0,1032,1032,220,1252,0,Attchd,1,288,0,NA,Abnorml,119000
1138,RL,54,5,0,780,780,240,1020,0,NA,0,0,0,NA,Normal,94000
1139,RL,NA,6,0,1567,1567,0,1567,2,Attchd,2,714,32,NA,Normal,196000
1140,RL,98,5,0,915,1167,0,1167,1,Detchd,2,495,0,NA,Normal,144000
1141,RL,60,5,0,952,952,0,952,0,Detchd,2,840,0,NA,Abnorml,139000
1142,RL,NA,5,44,780,1088,780,1868,1,Attchd,2,484,96,NA,Normal,197500
1143,RL,77,8,340,1466,1466,1362,2828,1,BuiltIn,3,1052,144,NA,Partial,424870
1144,RL,NA,5,0,1006,1006,0,1006,0,NA,0,0,24,NA,Normal,80000
1145,RL,60,4,0,672,672,252,924,0,Detchd,1,280,0,NA,Normal,80000
1146,RM,52,5,0,1042,1042,534,1576,1,Detchd,1,225,0,NA,Family,149000
1147,RL,NA,6,85,1298,1298,0,1298,1,Attchd,2,403,26,NA,Normal,180000
1148,RL,75,7,0,704,860,704,1564,1,Attchd,1,234,0,NA,Normal,174500
1149,RM,NA,7,0,572,572,539,1111,1,Detchd,1,288,0,NA,Normal,116900
1150,RM,50,7,0,650,832,650,1482,0,Detchd,2,324,0,NA,Normal,143000
1151,RL,57,6,0,932,932,0,932,1,Attchd,1,306,0,NA,Normal,124000
1152,RL,134,5,132,1466,1466,0,1466,2,Attchd,2,528,140,NA,Normal,149900
1153,RL,90,6,0,1073,1811,0,1811,1,Attchd,2,470,0,NA,Abnorml,230000
1154,RM,NA,6,0,816,816,0,816,0,Detchd,1,432,0,NA,Normal,120500
1155,RL,NA,7,288,864,902,918,1820,2,Attchd,2,492,84,NA,Normal,201800
1156,RL,90,5,0,1437,1437,0,1437,1,Attchd,2,528,21,NA,Normal,218000
1157,RL,85,5,0,1219,1265,0,1265,1,Attchd,2,502,92,NA,Normal,179900
1158,RL,34,7,166,1314,1314,0,1314,1,Attchd,2,626,62,NA,Normal,230000
1159,RL,92,8,186,1580,1580,0,1580,0,Attchd,3,830,24,NA,Partial,235128
1160,RL,76,6,270,901,943,933,1876,1,Attchd,2,540,69,NA,Normal,185000
1161,RL,24,6,0,855,855,601,1456,1,Attchd,2,440,0,NA,Normal,146000
1162,RL,NA,6,72,1296,1640,0,1640,1,Detchd,2,924,0,NA,Normal,224000
1163,RL,109,5,0,894,894,0,894,1,Attchd,2,450,0,NA,Normal,129000
1164,RL,60,4,0,1198,1258,0,1258,0,CarPort,2,400,0,NA,Alloca,108959
1165,RL,NA,5,0,1360,1432,0,1432,1,Attchd,2,588,180,NA,Normal,194000
1166,RL,79,7,268,1502,1502,0,1502,0,Attchd,2,644,114,NA,Partial,233170
1167,RL,64,8,72,1694,1694,0,1694,0,Attchd,3,776,33,NA,Normal,245350
1168,RL,58,6,0,959,959,712,1671,1,Attchd,2,472,38,NA,Normal,173000
1169,RL,120,6,0,1127,1236,872,2108,2,Basment,2,540,0,NA,Normal,235000
1170,RL,118,10,1378,1930,1831,1796,3627,1,Attchd,3,807,76,NA,Normal,625000
1171,RL,76,6,0,1096,1118,0,1118,1,Attchd,1,358,0,Gd,Normal,171000
1172,RL,76,6,0,1261,1261,0,1261,1,Attchd,2,433,0,NA,Normal,163000
1173,FV,35,7,0,625,625,625,1250,0,Detchd,2,625,54,NA,Normal,171900
1174,RL,138,5,0,1598,1636,971,3086,1,NA,0,0,0,NA,Normal,200500
1175,RL,80,6,0,952,1170,1175,2345,1,Detchd,2,360,0,NA,Normal,239000
1176,RL,85,8,337,1683,2129,743,2872,1,Attchd,2,541,33,NA,Normal,285000
1177,RL,37,5,0,876,923,0,923,0,Attchd,1,264,0,NA,Normal,119500
1178,RM,NA,6,0,818,818,406,1224,0,Detchd,1,210,0,NA,Normal,115000
1179,RL,54,5,0,731,820,523,1343,1,Detchd,1,186,0,NA,Normal,154900
1180,RL,77,5,0,0,1124,0,1124,1,NA,0,0,36,NA,Normal,93000
1181,RL,NA,7,0,1216,1298,1216,2514,0,Attchd,2,693,0,NA,Normal,250000
1182,RM,64,8,186,1600,1652,0,1652,1,Attchd,2,482,53,NA,Partial,392500
1183,RL,160,10,0,2396,2411,2065,4476,2,Attchd,3,813,78,Ex,Abnorml,745000
1184,RL,60,5,0,1120,1130,0,1130,1,Detchd,2,720,0,NA,Normal,120000
1185,RL,50,5,226,1572,1572,0,1572,2,2Types,3,995,263,NA,Normal,186700
1186,RL,60,5,0,784,949,272,1221,0,Attchd,1,392,0,NA,Normal,104900
1187,RL,107,3,0,978,1014,685,1699,0,CarPort,2,420,74,NA,Abnorml,95000
1188,RL,89,8,0,1624,1624,0,1624,1,Attchd,3,757,114,NA,Normal,262000
1189,RL,68,7,95,831,831,829,1660,0,Attchd,2,493,68,NA,Normal,195000
1190,RL,60,7,0,994,1028,776,1804,1,Attchd,2,442,60,NA,Normal,189000
1191,RL,NA,4,149,1249,1622,0,1622,1,2Types,4,1356,0,NA,Normal,168000
1192,FV,24,8,456,776,764,677,1441,0,Detchd,2,492,0,NA,Normal,174000
1193,RM,60,5,0,702,842,630,1472,0,Detchd,1,250,0,NA,Normal,125000
1194,RM,NA,6,425,1224,1224,0,1224,0,Attchd,2,402,304,NA,Normal,165000
1195,RL,80,6,143,663,663,689,1352,0,Attchd,1,299,36,NA,Normal,158000
1196,RL,51,6,0,728,728,728,1456,0,Attchd,2,400,24,NA,Normal,176000
1197,RL,58,7,0,879,879,984,1863,1,BuiltIn,3,660,17,NA,Partial,219210
1198,RM,65,7,0,815,815,875,1690,1,Detchd,1,225,0,NA,Normal,144000
1199,RL,70,7,0,1212,1212,0,1212,0,Attchd,2,573,0,NA,Normal,178000
1200,RL,75,4,51,1051,1382,0,1382,1,Attchd,2,459,82,NA,Normal,148000
1201,RL,71,4,0,864,864,0,864,0,Attchd,1,280,0,NA,Abnorml,116050
1202,RL,80,7,0,866,866,913,1779,0,Attchd,2,546,36,NA,Normal,197900
1203,RM,50,5,0,884,884,464,1348,1,Detchd,1,216,0,NA,Normal,117000
1204,RL,75,7,171,1630,1630,0,1630,1,Attchd,2,451,234,NA,Normal,213000
1205,RL,78,5,0,1056,1074,0,1074,0,Attchd,2,495,88,NA,Normal,153500
1206,RL,90,7,234,2158,2196,0,2196,1,Attchd,3,701,70,NA,Normal,271900
1207,RH,NA,4,0,1056,1056,0,1056,0,Detchd,1,384,42,NA,Normal,107000
1208,RL,70,6,120,1682,1700,0,1700,0,Attchd,2,544,23,NA,Normal,200000
1209,RL,70,5,0,931,1283,0,1283,0,Detchd,2,506,0,NA,Normal,140000
1210,RL,85,8,420,1660,1660,0,1660,1,Attchd,2,500,50,NA,Partial,290000
1211,RL,70,6,0,1055,1055,790,1845,1,Attchd,2,462,104,NA,Normal,189000
1212,RL,152,8,0,559,1080,672,1752,0,Basment,2,492,12,NA,Normal,164000
1213,RL,50,4,0,672,672,0,672,0,Attchd,1,234,113,NA,Normal,113000
1214,RL,NA,4,0,648,960,0,960,0,Attchd,1,364,0,NA,Normal,145000
1215,RL,69,5,0,925,999,0,999,0,Attchd,1,300,72,NA,Normal,134500
1216,RL,99,5,0,894,894,0,894,0,Detchd,1,384,0,NA,Normal,125000
1217,RM,68,6,0,0,1318,584,1902,0,Attchd,2,539,0,NA,Normal,112000
1218,FV,72,8,72,1300,1314,0,1314,0,Attchd,2,552,112,NA,Partial,229456
1219,RM,52,4,0,0,672,240,912,0,NA,0,0,0,NA,Normal,80500
1220,RM,21,6,236,672,672,546,1218,0,NA,0,0,0,NA,Abnorml,91500
1221,RL,66,5,0,912,912,0,912,0,Attchd,1,288,0,NA,Abnorml,115000
1222,RL,55,5,0,952,1211,0,1211,1,Attchd,1,322,63,NA,Normal,134000
1223,RL,78,6,320,1040,1168,678,1846,1,Attchd,1,315,0,NA,Normal,143000
1224,RL,89,5,44,2136,2136,0,2136,0,Detchd,2,528,30,NA,Normal,137900
1225,RL,60,7,0,788,788,702,1490,1,Attchd,2,388,75,NA,Normal,184000
1226,RL,65,6,63,588,1138,0,1138,0,Attchd,1,264,0,NA,Normal,145000
1227,RL,86,6,74,894,894,1039,1933,1,BuiltIn,3,668,18,NA,Normal,214000
1228,RL,72,5,300,912,912,0,912,0,Detchd,2,576,240,NA,Normal,147000
1229,RL,65,9,766,1702,1702,0,1702,1,Attchd,3,1052,72,NA,Partial,367294
1230,RL,70,5,0,1075,1507,0,1507,0,Basment,1,404,0,NA,Normal,127000
1231,RL,NA,5,1,1361,1361,1259,2620,1,BuiltIn,2,600,24,NA,Normal,190000
1232,RL,70,5,120,1106,1190,0,1190,0,Attchd,2,540,18,NA,Normal,132500
1233,RL,70,4,0,0,1224,0,1224,0,CarPort,2,462,0,NA,Normal,101800
1234,RL,NA,5,180,1188,1188,0,1188,0,Attchd,2,531,0,NA,Abnorml,142000
1235,RH,55,5,0,940,1024,940,1964,0,NA,0,0,192,NA,Abnorml,130000
1236,RL,96,5,0,747,892,892,1784,0,Detchd,1,180,40,NA,Normal,138887
1237,RL,36,7,106,764,764,862,1626,0,BuiltIn,2,474,27,NA,Normal,175500
1238,RL,41,7,0,847,847,1101,1948,1,BuiltIn,2,434,48,NA,Normal,195000
1239,RL,63,6,0,1141,1141,0,1141,0,Detchd,2,484,0,NA,Abnorml,142500
1240,RL,64,8,32,1476,1484,0,1484,1,Attchd,2,472,33,NA,Normal,265900
1241,RL,65,7,252,884,884,884,1768,0,Attchd,2,543,63,NA,Normal,224900
1242,RL,83,7,0,1689,1689,0,1689,0,Attchd,3,954,56,NA,Partial,248328
1243,RL,85,7,81,1053,1173,0,1173,2,Attchd,2,528,120,NA,Family,170000
1244,RL,107,10,NA,2076,2076,0,2076,1,Attchd,3,850,229,NA,Partial,465000
1245,RL,NA,8,0,792,792,725,1517,2,Detchd,2,400,0,NA,Normal,230000
1246,RL,78,6,74,585,1140,728,1868,1,BuiltIn,2,477,112,NA,Abnorml,178000
1247,FV,65,7,0,756,756,797,1553,0,Attchd,2,615,45,NA,Partial,186500
1248,RL,NA,6,335,1012,1034,0,1034,0,Attchd,3,888,0,NA,Normal,169900
1249,RM,60,6,0,735,1134,924,2058,1,Detchd,2,396,0,NA,Normal,129500
1250,RL,60,5,0,876,988,0,988,0,Attchd,1,276,80,NA,Normal,119000
1251,RL,93,7,0,2110,2110,0,2110,2,Attchd,2,522,0,NA,Normal,244000
1252,RL,NA,7,163,1405,1405,0,1405,1,Attchd,2,478,36,NA,Normal,171750
1253,RL,62,5,0,864,874,0,874,0,Attchd,1,288,0,NA,Normal,130000
1254,RL,NA,7,0,1192,1516,651,2167,2,Attchd,2,518,47,NA,Normal,294000
1255,RL,60,7,92,746,760,896,1656,1,BuiltIn,2,397,128,NA,Normal,165400
1256,RM,52,6,0,884,959,408,1367,1,Detchd,1,560,0,NA,Normal,127500
1257,RL,91,8,554,1986,1987,0,1987,1,Attchd,2,691,36,NA,Normal,301500
1258,RL,56,5,0,864,864,0,864,0,NA,0,0,96,NA,Normal,99900
1259,RL,59,7,182,856,1166,0,1166,0,Attchd,2,400,0,NA,Normal,190000
1260,RL,65,6,0,1054,1054,0,1054,0,Attchd,2,460,0,NA,Normal,151000
1261,RL,NA,6,0,841,892,783,1675,1,BuiltIn,2,502,103,NA,Normal,181000
1262,RL,80,5,0,1050,1050,0,1050,0,Attchd,1,338,0,NA,Normal,128900
1263,RL,NA,4,0,1104,1104,684,1788,2,Attchd,1,304,0,NA,Normal,161500
1264,RL,60,6,0,764,1060,764,1824,1,Detchd,2,520,0,NA,Normal,180500
1265,RH,34,6,0,1405,1337,0,1337,0,Attchd,2,511,68,NA,Abnorml,181000
1266,FV,35,7,218,691,713,739,1452,0,Detchd,2,506,34,NA,Normal,183900
1267,RM,60,7,0,925,964,925,1889,1,Detchd,1,308,0,NA,Normal,122000
1268,RL,89,9,0,2002,2018,0,2018,1,Attchd,3,746,76,NA,Normal,378500
1269,RL,NA,8,632,728,1968,1479,3447,2,BuiltIn,3,1014,12,NA,Normal,381000
1270,RL,78,5,180,874,874,650,1524,0,Attchd,1,315,0,NA,Normal,144000
1271,RL,NA,7,0,1332,1332,192,1524,1,Attchd,2,586,0,NA,Normal,260000
1272,RL,NA,6,0,1489,1489,0,1489,1,Attchd,2,462,0,NA,Normal,185750
1273,RL,NA,5,114,935,935,0,935,0,Attchd,1,288,0,NA,Normal,137000
1274,RL,124,6,84,1019,1357,0,1357,1,Basment,1,312,0,NA,Normal,177000
1275,RL,53,5,0,661,661,589,1250,1,Detchd,2,552,0,NA,Normal,139000
1276,RL,95,5,567,928,928,992,1920,0,Detchd,2,400,0,NA,Normal,137000
1277,RL,NA,6,0,723,735,660,1395,1,Attchd,2,497,116,NA,Normal,162000
1278,RL,NA,6,359,1680,1724,0,1724,1,Attchd,2,480,0,NA,Normal,197900
1279,RL,75,8,NA,1128,1128,903,2031,1,Attchd,2,577,211,NA,Normal,237000
1280,C (all),60,4,0,698,698,430,1128,0,Detchd,2,528,0,NA,Abnorml,68400
1281,RL,67,7,110,1573,1573,0,1573,0,Attchd,2,544,72,NA,Normal,227000
1282,RL,50,7,54,1309,1339,0,1339,1,Attchd,2,484,58,NA,Normal,180000
1283,RL,61,5,0,1040,1040,0,1040,0,Detchd,2,484,0,NA,Normal,150500
1284,RL,94,6,0,912,912,912,1824,0,NA,0,0,0,NA,Normal,139000
1285,RL,50,6,0,804,1699,748,2447,1,Detchd,1,336,0,NA,Normal,169000
1286,RM,50,6,0,780,825,587,1412,1,Detchd,1,280,0,NA,Normal,132500
1287,RL,NA,6,451,1328,1328,0,1328,2,Attchd,2,528,26,NA,Normal,143000
1288,RL,NA,5,621,1624,1582,0,1582,0,Attchd,2,390,198,NA,Normal,190000
1289,RL,40,8,0,1501,1659,0,1659,1,Attchd,2,499,59,NA,Normal,278000
1290,RL,86,8,788,1085,1120,850,1970,1,BuiltIn,3,753,74,NA,Partial,281000
1291,RL,NA,5,86,1152,1152,0,1152,1,Attchd,2,484,0,NA,Normal,180500
1292,RM,21,5,268,630,630,672,1302,0,Detchd,1,264,0,NA,Normal,119500
1293,RM,60,5,0,994,1378,994,2372,0,Attchd,1,432,287,NA,Normal,107500
1294,RL,78,7,0,832,832,832,1664,1,Attchd,2,528,28,NA,Normal,162900
1295,RL,60,5,0,864,864,0,864,0,Detchd,2,572,0,NA,Normal,115000
1296,RL,70,5,168,1052,1052,0,1052,0,Attchd,1,288,0,NA,Normal,138500
1297,RL,80,5,148,1120,1128,0,1128,0,Attchd,2,525,20,NA,Normal,155000
1298,RM,35,6,82,547,1072,0,1072,0,Basment,2,525,44,NA,Partial,140000
1299,RL,313,10,796,6110,4692,950,5642,3,Attchd,2,1418,292,Gd,Partial,160000
1300,RL,75,5,0,1246,1246,0,1246,0,Attchd,1,305,0,NA,Normal,154000
1301,RL,NA,7,344,978,1005,978,1983,1,Attchd,2,490,0,NA,Normal,225000
1302,RL,NA,6,0,771,753,741,1494,2,Attchd,1,213,0,NA,Normal,177500
1303,RL,92,8,391,1165,1203,1323,2526,1,Attchd,3,844,78,NA,Normal,290000
1304,RL,73,7,228,1616,1616,0,1616,0,Attchd,3,834,59,NA,Normal,232000
1305,RM,32,7,117,976,976,732,1708,0,Detchd,2,380,40,NA,Normal,130000
1306,RL,108,9,300,1652,1652,0,1652,2,Attchd,2,840,102,NA,Normal,325000
1307,RL,48,7,94,1368,1368,0,1368,1,Attchd,2,474,35,NA,Partial,202500
1308,RL,60,5,0,990,990,0,990,0,Detchd,2,480,64,NA,Normal,138000
1309,RM,100,5,0,924,1122,0,1122,0,Attchd,2,528,36,NA,Normal,147000
1310,RL,NA,6,88,1278,1294,0,1294,0,Attchd,2,496,51,NA,Normal,179200
1311,RL,100,7,0,1902,1902,0,1902,2,Attchd,2,567,207,NA,Normal,335000
1312,RL,68,7,80,1274,1274,0,1274,0,Attchd,2,508,98,NA,Partial,203000
1313,RL,NA,8,336,1453,1453,1357,2810,1,Attchd,2,750,0,NA,Normal,302000
1314,RL,108,9,165,1393,1422,1177,2599,1,BuiltIn,3,779,30,NA,Normal,333168
1315,RL,60,4,0,948,948,0,948,1,Detchd,1,280,36,NA,Normal,119000
1316,RL,85,6,0,952,1092,1020,2112,2,Attchd,2,576,0,NA,Normal,206900
1317,RL,61,8,270,1622,1630,0,1630,1,Attchd,3,860,42,NA,Normal,295493
1318,FV,47,7,0,1352,1352,0,1352,1,Attchd,2,466,241,NA,Partial,208900
1319,RL,NA,8,178,1753,1787,0,1787,1,Attchd,3,748,150,NA,Normal,275000
1320,RL,75,4,132,864,948,0,948,0,Attchd,1,248,0,NA,Normal,111000
1321,RL,70,6,0,1478,1478,0,1478,2,Attchd,2,442,0,NA,Normal,156500
1322,RL,NA,3,0,0,720,0,720,0,Detchd,1,287,0,NA,Normal,72500
1323,RL,107,7,0,750,1061,862,1923,1,Attchd,2,564,39,NA,Normal,190000
1324,RL,50,4,0,420,708,0,708,0,NA,0,0,0,NA,Normal,82500
1325,RL,75,8,428,1795,1795,0,1795,1,Attchd,3,895,49,NA,Partial,147000
1326,RM,40,4,0,796,796,0,796,0,NA,0,0,0,NA,Normal,55000
1327,RH,70,3,0,544,774,0,774,0,NA,0,0,0,NA,Normal,79000
1328,RL,60,5,0,816,816,0,816,1,Attchd,1,264,0,NA,Normal,130500
1329,RM,60,6,0,1510,1584,1208,2792,2,Detchd,2,520,547,NA,Normal,256000
1330,RL,63,7,0,935,955,677,1632,1,Attchd,2,462,28,NA,Normal,176500
1331,RL,85,8,410,1588,1588,0,1588,1,Attchd,3,825,45,NA,Normal,227000
1332,RL,55,5,0,911,954,0,954,0,Detchd,2,576,0,NA,Normal,132500
1333,RL,67,4,0,816,816,0,816,1,Detchd,1,288,0,NA,Normal,100000
1334,RM,60,5,0,803,803,557,1360,0,Detchd,1,297,65,NA,Normal,125500
1335,RM,24,5,312,765,765,600,1365,0,Attchd,2,440,36,NA,Normal,125000
1336,RL,80,6,360,1350,1334,0,1334,1,Attchd,2,630,16,NA,Normal,167900
1337,RL,87,5,564,1656,1656,0,1656,0,Detchd,2,506,211,NA,Normal,135000
1338,RM,153,4,0,693,693,0,693,0,NA,0,0,20,NA,Normal,52500
1339,RL,95,7,0,916,920,941,1861,0,BuiltIn,2,492,91,NA,Normal,200000
1340,RL,120,5,0,864,864,0,864,0,Attchd,1,288,0,NA,Normal,128500
1341,RL,70,4,0,858,872,0,872,0,Detchd,4,480,0,NA,Normal,123000
1342,RL,66,6,0,1114,1114,0,1114,0,Detchd,2,576,78,NA,Normal,155000
1343,RL,NA,8,149,1284,1284,885,2169,1,Attchd,2,647,87,NA,Normal,228500
1344,RL,57,6,0,896,1172,741,1913,1,Detchd,2,342,0,NA,Normal,177000
1345,RL,85,7,0,728,728,728,1456,1,Attchd,2,440,0,NA,Partial,155835
1346,RM,50,4,0,960,960,0,960,0,Detchd,1,308,0,NA,Normal,108500
1347,RL,NA,7,0,1568,2156,0,2156,1,Attchd,2,508,80,NA,Normal,262500
1348,RL,93,8,100,1732,1776,0,1776,1,Attchd,3,712,0,NA,Partial,283463
1349,RL,NA,7,0,1482,1494,0,1494,1,Attchd,2,514,25,NA,Normal,215000
1350,RM,50,8,0,684,938,1215,2358,0,NA,0,0,54,NA,Normal,122000
1351,RL,91,5,368,1248,1338,1296,2634,0,Detchd,4,968,0,NA,Normal,200000
1352,RL,70,6,318,858,858,858,1716,1,Attchd,2,490,84,NA,Normal,171000
1353,RM,50,6,0,698,786,390,1176,0,Detchd,2,624,0,NA,Normal,134900
1354,RL,56,8,579,2033,2053,1185,3238,1,Attchd,3,666,86,NA,Normal,410000
1355,RL,NA,7,0,992,992,873,1865,1,Attchd,3,839,184,NA,Normal,235000
1356,RL,102,7,143,570,1222,698,1920,1,Attchd,2,487,98,NA,Normal,170000
1357,RL,NA,5,65,864,892,0,892,0,Attchd,1,264,0,NA,Normal,110000
1358,RL,NA,5,0,1078,1078,0,1078,1,Attchd,2,500,0,NA,Normal,149900
1359,FV,NA,6,216,756,769,804,1573,0,Detchd,2,440,32,NA,Normal,177500
1360,RL,129,9,66,1980,1980,0,1980,1,Attchd,3,770,45,NA,Normal,315000
1361,RL,51,5,0,612,990,1611,2601,0,BuiltIn,2,621,0,NA,Normal,189000
1362,RL,124,7,16,1530,1530,0,1530,1,Attchd,2,430,36,NA,Normal,260000
1363,RL,NA,4,0,715,1281,457,1738,1,Attchd,1,368,0,NA,Normal,104900
1364,RL,73,6,0,616,616,796,1412,1,BuiltIn,2,432,36,NA,Partial,156932
1365,FV,30,7,0,600,520,600,1200,0,Detchd,2,480,166,NA,Abnorml,144152
1366,FV,NA,7,0,814,814,860,1674,0,Attchd,2,663,96,NA,Normal,216000
1367,RL,68,7,158,873,882,908,1790,0,Attchd,2,588,88,NA,Abnorml,193000
1368,RM,41,5,0,757,925,550,1475,1,Attchd,1,336,26,NA,Normal,127000
1369,RM,NA,6,170,848,848,0,848,0,Attchd,2,420,0,NA,Normal,144000
1370,RL,48,8,171,1657,1668,0,1668,1,Attchd,2,502,262,NA,Normal,232000
1371,RL,90,4,0,840,840,534,1374,0,Detchd,1,338,0,NA,Normal,105000
1372,RL,80,6,0,992,1661,0,1661,1,BuiltIn,1,377,28,NA,Normal,165500
1373,RL,75,7,0,1108,1108,989,2097,1,Detchd,2,583,170,NA,Normal,274300
1374,RL,NA,10,705,2633,2633,0,2633,2,Attchd,3,804,140,NA,Normal,466500
1375,FV,85,7,0,1026,1026,932,1958,1,Attchd,3,936,210,NA,Normal,250000
1376,RL,89,8,80,1571,1571,0,1571,1,Attchd,3,722,36,NA,Partial,239000
1377,RL,52,6,0,768,790,0,790,0,Detchd,1,160,141,NA,Normal,91000
1378,RL,60,5,0,984,984,620,1604,0,Detchd,2,660,68,NA,Normal,117000
1379,RM,21,6,408,483,483,504,987,0,Detchd,1,264,0,NA,Normal,83000
1380,RL,73,5,0,384,754,640,1394,0,BuiltIn,2,400,0,NA,Normal,167500
1381,RL,45,3,0,864,864,0,864,0,Detchd,1,200,0,NA,Normal,58500
1382,RL,NA,6,0,1205,2117,0,2117,2,Attchd,2,550,42,NA,Normal,237500
1383,RM,60,7,0,596,998,764,1762,0,Detchd,2,576,0,NA,Normal,157000
1384,RL,NA,5,0,816,1416,0,1416,0,Attchd,2,576,0,NA,Normal,112000
1385,RL,60,6,0,560,698,560,1258,0,Detchd,1,280,0,NA,Normal,105000
1386,RM,40,4,0,796,796,358,1154,0,Detchd,1,240,96,NA,Normal,125500
1387,RL,80,7,184,1392,1392,1392,2784,2,Attchd,2,564,112,Fa,Normal,250000
1388,RM,60,6,0,714,1664,862,2526,1,Detchd,1,216,15,NA,Family,136000
1389,RL,42,9,160,1746,1746,0,1746,2,Attchd,3,758,39,NA,Normal,377500
1390,RM,60,6,0,735,869,349,1218,1,Detchd,2,440,0,NA,Normal,131000
1391,RL,70,7,244,1525,1525,0,1525,0,Attchd,2,541,36,NA,Normal,235000
1392,RL,65,5,0,1584,1584,0,1584,0,Detchd,3,792,152,NA,Normal,124000
1393,RL,68,5,0,864,900,0,900,1,Attchd,1,288,144,NA,Normal,123000
1394,RM,60,6,0,482,1221,691,1912,1,Detchd,2,672,25,NA,Normal,163000
1395,RL,53,7,45,1356,1500,0,1500,1,Attchd,3,648,20,NA,Partial,246578
1396,RL,88,8,245,1094,1133,1349,2482,1,BuiltIn,3,642,39,NA,Normal,281213
1397,RL,NA,5,0,747,1687,0,1687,2,Detchd,2,572,0,NA,Normal,160000
1398,RM,51,5,0,939,939,574,1513,0,Detchd,1,180,0,NA,Normal,137500
1399,RL,60,5,0,1208,1136,768,1904,0,Attchd,1,240,0,NA,Normal,138000
1400,RL,51,6,0,976,1160,448,1608,1,Detchd,1,216,16,NA,Normal,137450
1401,RM,50,6,0,862,950,208,1158,1,BuiltIn,1,208,0,NA,Normal,120000
1402,RL,62,6,0,839,864,729,1593,1,Attchd,2,398,75,NA,Normal,193000
1403,RL,64,7,0,1286,1294,0,1294,1,Attchd,2,662,55,NA,Partial,193879
1404,RL,49,8,84,1485,1464,0,1464,0,Attchd,3,754,160,NA,Normal,282922
1405,RL,60,3,0,672,694,520,1214,0,Detchd,3,936,0,NA,Family,105000
1406,RM,44,8,174,1594,1646,0,1646,1,Attchd,2,482,53,NA,Normal,275000
1407,RL,70,5,0,768,768,0,768,0,Detchd,2,396,0,NA,Normal,133000
1408,RL,NA,5,0,833,833,0,833,0,NA,0,0,0,NA,Normal,112000
1409,RM,60,4,0,622,741,622,1363,0,Detchd,2,528,0,NA,Normal,125500
1410,RL,46,7,123,791,1236,857,2093,1,Attchd,2,542,63,NA,Normal,215000
1411,RL,79,7,0,944,944,896,1840,0,Attchd,2,622,45,NA,Normal,230000
1412,RL,80,6,0,856,1112,556,1668,0,Attchd,1,271,0,NA,Normal,140000
1413,RL,60,4,0,0,1040,0,1040,0,Detchd,2,420,0,NA,Normal,90000
1414,RL,88,8,366,1844,1844,0,1844,1,Attchd,2,620,44,NA,Abnorml,257000
1415,RL,64,6,0,833,1053,795,1848,1,Detchd,2,370,0,NA,Normal,207000
1416,RL,51,7,130,1386,1569,0,1569,1,Attchd,3,660,20,NA,Normal,175900
1417,RM,60,4,0,777,1246,1044,2290,0,Detchd,2,560,0,NA,Normal,122500
1418,RL,NA,8,731,1284,1310,1140,2450,1,Attchd,3,1069,126,NA,Normal,340000
1419,RL,71,5,0,1144,1144,0,1144,0,Detchd,1,336,88,NA,Normal,124000
1420,RL,NA,6,312,1844,1844,0,1844,1,Attchd,2,540,73,NA,Normal,223000
1421,RL,90,6,420,708,708,708,1416,1,Attchd,2,776,169,NA,Normal,179900
1422,RL,53,6,0,1069,1069,0,1069,1,Attchd,2,440,55,NA,Normal,127500
1423,RM,37,6,170,848,848,0,848,0,Attchd,2,420,0,NA,Normal,136500
1424,RL,NA,6,0,697,1575,626,2201,1,Attchd,2,432,236,Gd,Alloca,274970
1425,RL,NA,5,0,1024,1344,0,1344,1,Detchd,1,484,28,NA,Normal,144000
1426,RL,80,6,243,1252,1252,0,1252,0,Detchd,2,528,39,NA,Normal,142000
1427,RL,81,7,448,1223,1223,904,2127,2,Attchd,2,525,132,NA,Normal,271000
1428,RL,60,5,0,913,1048,510,1558,1,Attchd,1,288,0,NA,Normal,140000
1429,RM,60,5,294,788,804,0,804,2,Attchd,1,240,0,NA,Abnorml,119000
1430,RL,NA,6,310,1440,1440,0,1440,1,Attchd,2,467,0,NA,Normal,182900
1431,RL,60,5,0,732,734,1104,1838,1,BuiltIn,2,372,40,NA,Normal,192140
1432,RL,NA,6,0,958,958,0,958,0,Attchd,2,440,60,NA,Normal,143750
1433,RL,60,4,0,656,968,0,968,0,Detchd,1,216,0,NA,Normal,64500
1434,RL,93,6,318,936,962,830,1792,1,Attchd,2,451,0,NA,Normal,186500
1435,RL,80,5,0,1126,1126,0,1126,1,Attchd,2,484,41,NA,Normal,160000
1436,RL,80,6,237,1319,1537,0,1537,1,Attchd,2,462,36,NA,Abnorml,174000
1437,RL,60,4,0,864,864,0,864,0,Detchd,2,528,0,NA,Normal,120500
1438,RL,96,8,426,1932,1932,0,1932,1,Attchd,3,774,66,NA,Partial,394617
1439,RM,90,6,0,912,1236,0,1236,0,Attchd,2,923,158,NA,Normal,149700
1440,RL,80,7,96,539,1040,685,1725,1,Attchd,2,550,88,NA,Normal,197000
1441,RL,79,6,0,588,1423,748,2555,1,Detchd,2,672,0,NA,Normal,191000
1442,RM,NA,6,147,848,848,0,848,1,Attchd,2,420,0,NA,Normal,149300
1443,FV,85,10,160,1017,1026,981,2007,1,Attchd,3,812,52,NA,Normal,310000
1444,RL,NA,6,0,952,952,0,952,1,Detchd,1,192,98,NA,Normal,121000
1445,RL,63,7,106,1422,1422,0,1422,0,Attchd,2,626,60,NA,Normal,179600
1446,RL,70,6,0,814,913,0,913,0,Detchd,1,240,0,NA,Normal,129000
1447,RL,NA,5,189,1188,1188,0,1188,0,Attchd,1,312,39,NA,Normal,157900
1448,RL,80,8,438,1220,1220,870,2090,1,Attchd,2,556,65,NA,Normal,240000
1449,RL,70,4,0,560,796,550,1346,0,Detchd,1,384,24,NA,Normal,112000
1450,RM,21,5,0,630,630,0,630,0,NA,0,0,0,NA,Abnorml,92000
1451,RL,60,5,0,896,896,896,1792,0,NA,0,0,45,NA,Normal,136000
1452,RL,78,8,194,1573,1578,0,1578,1,Attchd,3,840,36,NA,Partial,287090
1453,RM,35,5,80,547,1072,0,1072,0,Basment,2,525,28,NA,Normal,145000
1454,RL,90,5,0,1140,1140,0,1140,0,NA,0,0,56,NA,Abnorml,84500
1455,FV,62,7,0,1221,1221,0,1221,0,Attchd,2,400,113,NA,Normal,185000
1456,RL,62,6,0,953,953,694,1647,1,Attchd,2,460,40,NA,Normal,175000
1457,RL,85,6,119,1542,2073,0,2073,2,Attchd,2,500,0,NA,Normal,210000
1458,RL,66,7,0,1152,1188,1152,2340,2,Attchd,1,252,60,NA,Normal,266500
1459,RL,68,5,0,1078,1078,0,1078,0,Attchd,1,240,0,NA,Normal,142125
1460,RL,75,5,0,1256,1256,0,1256,0,Attchd,1,276,68,NA,Normal,147500
